Protocollo;Gruppo;DataOraIncidente;Localizzazione1;STRADA1;Localizzazione2;STRADA2;Strada02;Chilometrica;DaSpecificare;NaturaIncidente;particolaritastrade;TipoStrada;FondoStradale;Pavimentazione;Segnaletica;CondizioneAtmosferica;Traffico;Visibilita;Illuminazione;NUM_FERITI;NUM_RISERVATA;NUM_MORTI;NUM_ILLESI;Longitudine;Latitudine;Confermato;Progressivo;TipoVeicolo;StatoVeicolo;TipoPersona;Sesso;Tipolesione;Deceduto;DecedutoDopo;CinturaCascoUtilizzato;Airbag
2247087;15;07/01/2015 14:30;Strada Urbana;PONTE DELLA MAGLIANA;da specificare;;;;prossimità Riva Pian due Torri;Tamponamento Multiplo;Rettilineo;Due carreggiate;Asciutto;Asfaltata;Orizzontale;Nuvoloso;Intenso;Buona;Ore Diurne;0;0;0;8;12.46119;41.84435;-1;1;Autovettura privata;In marcia / fermata / arresto;Passeggero;M;Illeso;0;;Utilizzato;Inesploso
2247087;15;07/01/2015 14:30;Strada Urbana;PONTE DELLA MAGLIANA;da specificare;;;;prossimità Riva Pian due Torri;Tamponamento Multiplo;Rettilineo;Due carreggiate;Asciutto;Asfaltata;Orizzontale;Nuvoloso;Intenso;Buona;Ore Diurne;0;0;0;8;12.46119;41.84435;-1;2;Autovettura privata;In marcia / fermata / arresto;Conducente;M;Illeso;0;;Utilizzato;Inesploso
2247087;15;07/01/2015 14:30;Strada Urbana;PONTE DELLA MAGLIANA;da specificare;;;;prossimità Riva Pian due Torri;Tamponamento Multiplo;Rettilineo;Due carreggiate;Asciutto;Asfaltata;Orizzontale;Nuvoloso;Intenso;Buona;Ore Diurne;0;0;0;8;12.46119;41.84435;-1;3;Autovettura privata;In marcia / fermata / arresto;Conducente;M;Illeso;0;;Utilizzato;Inesploso
2247087;15;07/01/2015 14:30;Strada Urbana;PONTE DELLA MAGLIANA;da specificare;;;;prossimità Riva Pian due Torri;Tamponamento Multiplo;Rettilineo;Due carreggiate;Asciutto;Asfaltata;Orizzontale;Nuvoloso;Intenso;Buona;Ore Diurne;0;0;0;8;12.46119;41.84435;-1;4;Autovettura privata;In marcia / fermata / arresto;Conducente;F;Illeso;0;;Utilizzato;Inesploso
2247087;15;07/01/2015 14:30;Strada Urbana;PONTE DELLA MAGLIANA;da specificare;;;;prossimità Riva Pian due Torri;Tamponamento Multiplo;Rettilineo;Due carreggiate;Asciutto;Asfaltata;Orizzontale;Nuvoloso;Intenso;Buona;Ore Diurne;0;0;0;8;12.46119;41.84435;-1;4;Autovettura privata;In marcia / fermata / arresto;Passeggero;M;Illeso;0;;Utilizzato;Inesploso
2247096;16;07/01/2015 09:40;Strada Urbana;VIA BERNARDINO RAMAZZINI;in prossimità;;del civico n.;15;;Veicolo in marcia contro veicolo fermo;Rettilineo;Due carreggiate;Asciutto;Asfaltata;Verticale;Sereno;Normale;Buona;Ore Diurne;0;0;0;4;12.45014;41.86401;-1;1;Autovettura privata;In marcia / fermata / arresto;Conducente;F;Illeso;0;;Non accertato;Inesploso
2247096;16;07/01/2015 09:40;Strada Urbana;VIA BERNARDINO RAMAZZINI;in prossimità;;del civico n.;15;;Veicolo in marcia contro veicolo fermo;Rettilineo;Due carreggiate;Asciutto;Asfaltata;Verticale;Sereno;Normale;Buona;Ore Diurne;0;0;0;4;12.45014;41.86401;-1;1;Autovettura privata;In marcia / fermata / arresto;Passeggero;F;Illeso;0;;Non accertato;Inesploso
2247096;16;07/01/2015 09:40;Strada Urbana;VIA BERNARDINO RAMAZZINI;in prossimità;;del civico n.;15;;Veicolo in marcia contro veicolo fermo;Rettilineo;Due carreggiate;Asciutto;Asfaltata;Verticale;Sereno;Normale;Buona;Ore Diurne;0;0;0;4;12.45014;41.86401;-1;1;Autovettura privata;In marcia / fermata / arresto;Passeggero;F;Illeso;0;;Non accertato;Inesploso
2247096;16;07/01/2015 09:40;Strada Urbana;VIA BERNARDINO RAMAZZINI;in prossimità;;del civico n.;15;;Veicolo in marcia contro veicolo fermo;Rettilineo;Due carreggiate;Asciutto;Asfaltata;Verticale;Sereno;Normale;Buona;Ore Diurne;0;0;0;4;12.45014;41.86401;-1;2;Autovettura privata;In marcia / fermata / arresto;Conducente;M;Illeso;0;;Non accertato;Inesploso
2247108;6;08/01/2015 16:30;Strada Urbana;VIA ETTORE FIERAMOSCA;da specificare;;;;alt. Ponte Ferroviario;Scontro frontale/laterale SX fra veicoli in marcia;Rettilineo;Una carreggiata a doppio senso;Asciutto;Asfaltata;Orizzontale;Sereno;Normale;Buona;Ore Diurne;1;1;0;0;12.52826;41.89383;-1;1;Autovettura privata;In marcia / fermata / arresto;Conducente;M;Rimandato;0;NON DECEDUTO;Non accertato;Inesploso
2247108;6;08/01/2015 16:30;Strada Urbana;VIA ETTORE FIERAMOSCA;da specificare;;;;alt. Ponte Ferroviario;Scontro frontale/laterale SX fra veicoli in marcia;Rettilineo;Una carreggiata a doppio senso;Asciutto;Asfaltata;Orizzontale;Sereno;Normale;Buona;Ore Diurne;1;1;0;0;12.52826;41.89383;-1;2;Motociclo a solo;In marcia / fermata / arresto;Conducente;M;Prognosi riservata;0;NON DECEDUTO;Non accertato;
2247269;11;08/01/2015 09:30;Strada Urbana;VIA CORNELIO MAGNI;all'intersezione con;VIA CRISTOFORO COLOMBO;VIA CRISTOFORO COLOMBO;;;Scontro frontale/laterale DX fra veicoli in marcia;Intersezione stradale segnalata;Due carreggiate;Bagnato (umidità in atto);Asfaltata;Verticale ed orizzontale;Nuvoloso;Intenso;Buona;Ore Diurne;1;0;0;1;12.49715;41.86548;-1;1;Autovettura privata;In marcia / fermata / arresto;Conducente;M;Illeso;0;;;
2247269;11;08/01/2015 09:30;Strada Urbana;VIA CORNELIO MAGNI;all'intersezione con;VIA CRISTOFORO COLOMBO;VIA CRISTOFORO COLOMBO;;;Scontro frontale/laterale DX fra veicoli in marcia;Intersezione stradale segnalata;Due carreggiate;Bagnato (umidità in atto);Asfaltata;Verticale ed orizzontale;Nuvoloso;Intenso;Buona;Ore Diurne;1;0;0;1;12.49715;41.86548;-1;2;Motociclo a solo;In marcia / fermata / arresto;Conducente;F;Rimandato;0;NON DECEDUTO;;
2247274;15;08/01/2015 17:16;Comunale extraurbana;VIA DI MONTE STALLONARA;da specificare;;;;prossimità ingresso Parco della Pace;Veicolo in marcia contro ostacolo accidentale;Rettilineo;Una carreggiata a doppio senso;Asciutto;Con buche;Orizzontale;Sereno;Scarso;Insufficiente;Inesistente;0;0;0;1;12.34907;41.84029;-1;1;Autovettura privata;In marcia / fermata / arresto;Conducente;F;Illeso;0;;Utilizzato;
2247275;13;08/01/2015 13:00;Strada Urbana;VIA DELLA MARTINICA;da specificare;;;;fronte civ. 37;Veicolo in marcia contro ostacolo accidentale;Rettilineo;Due carreggiate;Asciutto;Con buche;Assente;Sereno;Normale;Buona;Ore Diurne;0;0;0;1;12.26136;41.74019;-1;1;Autovettura privata;In marcia / fermata / arresto;Conducente;M;Illeso;0;;;
2247280;11;08/01/2015 20:20;Strada Urbana;VIA CRISTOFORO COLOMBO;all'intersezione semaforizzata con;PIAZZA DEI NAVIGATORI;PIAZZA DEI NAVIGATORI;;;Infortunio per sola frenata improvvisa;Intersezione semaforizzata;Più di due carreggiate;Asciutto;Asfaltata;Verticale ed orizzontale;Sereno;Normale;Buona;Sufficiente;0;0;1;0;12.49822;41.86051;-1;1;Motociclo a solo;In marcia / fermata / arresto;Conducente;M;Deceduto durante prime cure;-1;;Non accertato;
2247281;11;08/01/2015 08:30;Strada Urbana;VIALE ALDO BALLARIN;in prossimità;;del civico n.;7;;Tamponamento;Rettilineo;Una carreggiata a doppio senso;Bagnato (umidità in atto);Asfaltata;Verticale ed orizzontale;Nuvoloso;Scarso;Buona;Ore Diurne;0;0;0;2;12.48747;41.83927;-1;1;Autovettura privata;In marcia / fermata / arresto;Conducente;M;Illeso;0;;Non accertato;Inesploso
2247281;11;08/01/2015 08:30;Strada Urbana;VIALE ALDO BALLARIN;in prossimità;;del civico n.;7;;Tamponamento;Rettilineo;Una carreggiata a doppio senso;Bagnato (umidità in atto);Asfaltata;Verticale ed orizzontale;Nuvoloso;Scarso;Buona;Ore Diurne;0;0;0;2;12.48747;41.83927;-1;2;Autovettura privata;In marcia / fermata / arresto;Conducente;F;Illeso;0;;Non accertato;Inesploso
2247286;13;08/01/2015 15:10;Strada Urbana;VIA DELLA MARTINICA;da specificare;;;;prossimità VIA TANCREDI CHIARALUCE;Veicolo in marcia contro ostacolo accidentale;Rettilineo;Una carreggiata a senso unico di marcia;Asciutto;Asfaltata;Verticale ed orizzontale;Sereno;Scarso;Buona;Ore Diurne;0;0;0;1;12.26241;41.74272;-1;1;Autovettura privata;In marcia / fermata / arresto;Conducente;M;Illeso;0;;Non accertato;
2247291;8;08/01/2015 10:20;Strada Urbana;VIA DI TORRE SPACCATA;in prossimità;;del civico n.;236;;Investimento di pedone;Rettilineo;Una carreggiata a doppio senso;Asciutto;Asfaltata;Verticale ed orizzontale;Nuvoloso;Normale;Buona;Ore Diurne;1;0;0;1;12.58701;41.86705;-1;;;;Pedone;M;Rifiuta cure immediate;0;NON DECEDUTO;;
2247291;8;08/01/2015 10:20;Strada Urbana;VIA DI TORRE SPACCATA;in prossimità;;del civico n.;236;;Investimento di pedone;Rettilineo;Una carreggiata a doppio senso;Asciutto;Asfaltata;Verticale ed orizzontale;Nuvoloso;Normale;Buona;Ore Diurne;1;0;0;1;12.58701;41.86705;-1;1;Autovettura privata;In marcia / fermata / arresto;Conducente;M;Illeso;0;;Non accertato;Inesploso
2247293;10;09/01/2015 06:30;Strada Urbana;VIA TARQUINIO COLLATINO;all'intersezione con;VIALE MARCO FULVIO NOBILIORE;VIALE MARCO FULVIO NOBILIORE;;;Scontro frontale/laterale SX fra veicoli in marcia;Incrocio;Una carreggiata a senso unico di marcia;Asciutto;Asfaltata;Verticale ed orizzontale;Sereno;Normale;Buona;Ore Diurne;0;0;0;3;12.56591;41.86082;-1;1;Autovettura privata;In marcia / fermata / arresto;Conducente;F;Illeso;0;;Non accertato;Inesploso
2247293;10;09/01/2015 06:30;Strada Urbana;VIA TARQUINIO COLLATINO;all'intersezione con;VIALE MARCO FULVIO NOBILIORE;VIALE MARCO FULVIO NOBILIORE;;;Scontro frontale/laterale SX fra veicoli in marcia;Incrocio;Una carreggiata a senso unico di marcia;Asciutto;Asfaltata;Verticale ed orizzontale;Sereno;Normale;Buona;Ore Diurne;0;0;0;3;12.56591;41.86082;-1;2;Autovettura privata;In marcia / fermata / arresto;Conducente;M;Illeso;0;;Non accertato;Inesploso
2247293;10;09/01/2015 06:30;Strada Urbana;VIA TARQUINIO COLLATINO;all'intersezione con;VIALE MARCO FULVIO NOBILIORE;VIALE MARCO FULVIO NOBILIORE;;;Scontro frontale/laterale SX fra veicoli in marcia;Incrocio;Una carreggiata a senso unico di marcia;Asciutto;Asfaltata;Verticale ed orizzontale;Sereno;Normale;Buona;Ore Diurne;0;0;0;3;12.56591;41.86082;-1;2;Autovettura privata;In marcia / fermata / arresto;Passeggero;M;Illeso;0;;Non accertato;Inesploso
2247299;8;08/01/2015 07:05;Strada Urbana;VIA DI TOR FORAME;da specificare;;;;prossimità via della Fontana del Finocchio;Veicolo in marcia contro ostacolo accidentale;Rettilineo;Una carreggiata a doppio senso;Asciutto;Asfaltata;Assente;Nuvoloso;Normale;Buona;Ore Diurne;0;0;0;1;12.69319;41.85182;-1;1;Autovettura privata;In marcia / fermata / arresto;Conducente;F;Illeso;0;;Non accertato;Inesploso
2247300;8;08/01/2015 18:20;Strada Urbana;VIA BORGHESIANA;all'intersezione con;VIA BARUMINI;VIA BARUMINI;;;Scontro frontale/laterale DX fra veicoli in marcia;Incrocio;Una carreggiata a doppio senso;Asciutto;Asfaltata;Verticale ed orizzontale;Nuvoloso;Normale;Insufficiente;Insufficiente;2;0;0;1;12.67066;41.88068;-1;1;Autovettura privata;In marcia / fermata / arresto;Conducente;F;Rifiuta cure immediate;0;NON DECEDUTO;Non accertato;Inesploso
2247300;8;08/01/2015 18:20;Strada Urbana;VIA BORGHESIANA;all'intersezione con;VIA BARUMINI;VIA BARUMINI;;;Scontro frontale/laterale DX fra veicoli in marcia;Incrocio;Una carreggiata a doppio senso;Asciutto;Asfaltata;Verticale ed orizzontale;Nuvoloso;Normale;Insufficiente;Insufficiente;2;0;0;1;12.67066;41.88068;-1;1;Autovettura privata;In marcia / fermata / arresto;Passeggero;F;Rifiuta cure immediate;0;NON DECEDUTO;Non accertato;Inesploso
2247300;8;08/01/2015 18:20;Strada Urbana;VIA BORGHESIANA;all'intersezione con;VIA BARUMINI;VIA BARUMINI;;;Scontro frontale/laterale DX fra veicoli in marcia;Incrocio;Una carreggiata a doppio senso;Asciutto;Asfaltata;Verticale ed orizzontale;Nuvoloso;Normale;Insufficiente;Insufficiente;2;0;0;1;12.67066;41.88068;-1;2;Autovettura privata;In marcia / fermata / arresto;Conducente;M;Illeso;0;;Non accertato;Inesploso
2247301;8;08/01/2015 17:00;Strada Urbana;VIA DEI CANARINI;all'intersezione con;VIA DEL PASSERO SOLITARIO;VIA DEL PASSERO SOLITARIO;;;Veicolo in marcia contro veicoli in sosta;Intersezione stradale segnalata;Una carreggiata a senso unico di marcia;Asciutto;Asfaltata;Verticale;Nuvoloso;Normale;Buona;Ore Diurne;0;0;0;2;12.59547;41.87094;-1;1;Autovettura privata;Sosta;Passeggero;M;Illeso;0;;Non accertato;
2247301;8;08/01/2015 17:00;Strada Urbana;VIA DEI CANARINI;all'intersezione con;VIA DEL PASSERO SOLITARIO;VIA DEL PASSERO SOLITARIO;;;Veicolo in marcia contro veicoli in sosta;Intersezione stradale segnalata;Una carreggiata a senso unico di marcia;Asciutto;Asfaltata;Verticale;Nuvoloso;Normale;Buona;Ore Diurne;0;0;0;2;12.59547;41.87094;-1;2;Autocarro inferiore 35 q.;In marcia / fermata / arresto;Conducente;M;Illeso;0;;Non accertato;Inesploso
2247302;1;07/01/2015 12:40;Strada Urbana;VIA CAPO D'AFRICA;all'intersezione con;VIA OSTILIA;VIA OSTILIA;;;Scontro frontale/laterale DX fra veicoli in marcia;Incrocio;Una carreggiata a senso unico di marcia;Asciutto;Acciotolata;Verticale ed orizzontale;Nuvoloso;Normale;Buona;Ore Diurne;0;0;0;2;12.49579;41.88865;-1;1;Autovettura privata;In marcia / fermata / arresto;Conducente;F;Illeso;0;;Non accertato;
2247302;1;07/01/2015 12:40;Strada Urbana;VIA CAPO D'AFRICA;all'intersezione con;VIA OSTILIA;VIA OSTILIA;;;Scontro frontale/laterale DX fra veicoli in marcia;Incrocio;Una carreggiata a senso unico di marcia;Asciutto;Acciotolata;Verticale ed orizzontale;Nuvoloso;Normale;Buona;Ore Diurne;0;0;0;2;12.49579;41.88865;-1;2;Autovettura privata;In marcia / fermata / arresto;Conducente;M;Illeso;0;;Non accertato;
2247303;13;08/01/2015 15:50;Strada Urbana;VIA DELLA MARTINICA;da specificare;;;;prossimità VIA TANCREDI CHIARALUCE;Veicolo in marcia contro ostacolo accidentale;Rettilineo;Una carreggiata a senso unico di marcia;Asciutto;Con buche;Orizzontale;Sereno;Normale;Sufficiente;Ore Diurne;0;0;0;1;12.2623;41.74276;-1;1;Motociclo con passeggero;In marcia / fermata / arresto;Conducente;M;Illeso;0;;;
2247304;13;08/01/2015 08:30;Strada Urbana;VIA FRANCESCO CILEA;in prossimità;;del civico n.;23;;Veicolo in marcia contro ostacolo accidentale;Rettilineo;Una carreggiata a doppio senso;Bagnato (umidità in atto);Con buche;Assente;Nuvoloso;Scarso;Buona;Ore Diurne;0;0;0;2;12.37541;41.74059;-1;1;Autovettura privata;In marcia / fermata / arresto;Conducente;M;Illeso;0;;Non accertato;Inesploso
2247304;13;08/01/2015 08:30;Strada Urbana;VIA FRANCESCO CILEA;in prossimità;;del civico n.;23;;Veicolo in marcia contro ostacolo accidentale;Rettilineo;Una carreggiata a doppio senso;Bagnato (umidità in atto);Con buche;Assente;Nuvoloso;Scarso;Buona;Ore Diurne;0;0;0;2;12.37541;41.74059;-1;1;Autovettura privata;In marcia / fermata / arresto;Passeggero;M;Illeso;0;;Non accertato;Inesploso
2247306;13;08/01/2015 08:30;Strada Urbana;VIA DEL MARE;all'intersezione con;VIA DI CASTEL FUSANO;VIA DI CASTEL FUSANO;;;Scontro laterale fra veicoli in marcia;Incrocio;Una carreggiata a doppio senso;Bagnato (umidità in atto);Asfaltata;Verticale ed orizzontale;Nuvoloso;Normale;Buona;Ore Diurne;0;0;0;2;12.3043;41.7594;-1;1;Autovettura privata;In marcia / fermata / arresto;Conducente;M;Illeso;0;;Non accertato;Inesploso
2247306;13;08/01/2015 08:30;Strada Urbana;VIA DEL MARE;all'intersezione con;VIA DI CASTEL FUSANO;VIA DI CASTEL FUSANO;;;Scontro laterale fra veicoli in marcia;Incrocio;Una carreggiata a doppio senso;Bagnato (umidità in atto);Asfaltata;Verticale ed orizzontale;Nuvoloso;Normale;Buona;Ore Diurne;0;0;0;2;12.3043;41.7594;-1;2;Autovettura privata;In marcia / fermata / arresto;Conducente;F;Illeso;0;;;
2247308;13;08/01/2015 08:45;Strada Urbana;VIA DI VALLE PORCINA;all'intersezione con;VIA GREGORIO ANTONUCCI;VIA GREGORIO ANTONUCCI;;;Scontro frontale/laterale SX fra veicoli in marcia;Incrocio;Una carreggiata a doppio senso;Bagnato (umidità in atto);Asfaltata;Verticale;Nuvoloso;Normale;Buona;Ore Diurne;0;0;0;2;12.37127;41.78338;-1;1;Autovettura privata;In marcia / fermata / arresto;Conducente;F;Illeso;0;;;
2247308;13;08/01/2015 08:45;Strada Urbana;VIA DI VALLE PORCINA;all'intersezione con;VIA GREGORIO ANTONUCCI;VIA GREGORIO ANTONUCCI;;;Scontro frontale/laterale SX fra veicoli in marcia;Incrocio;Una carreggiata a doppio senso;Bagnato (umidità in atto);Asfaltata;Verticale;Nuvoloso;Normale;Buona;Ore Diurne;0;0;0;2;12.37127;41.78338;-1;2;Autovettura privata;In marcia / fermata / arresto;Conducente;F;Illeso;0;;;
2247309;13;08/01/2015 10:15;Strada Urbana;VIALE DI CASTEL PORZIANO;all'intersezione con;VIA ERMANNO WOLF FERRARI;VIA ERMANNO WOLF FERRARI;;;Scontro frontale/laterale DX fra veicoli in marcia;Incrocio;Una carreggiata a doppio senso;Asciutto;Asfaltata;Verticale ed orizzontale;Sereno;Normale;Buona;Ore Diurne;1;0;0;1;12.38272;41.7402;-1;1;Autovettura privata;In marcia / fermata / arresto;Conducente;F;Rimandato;0;NON DECEDUTO;Non accertato;Inesploso
2247309;13;08/01/2015 10:15;Strada Urbana;VIALE DI CASTEL PORZIANO;all'intersezione con;VIA ERMANNO WOLF FERRARI;VIA ERMANNO WOLF FERRARI;;;Scontro frontale/laterale DX fra veicoli in marcia;Incrocio;Una carreggiata a doppio senso;Asciutto;Asfaltata;Verticale ed orizzontale;Sereno;Normale;Buona;Ore Diurne;1;0;0;1;12.38272;41.7402;-1;2;Autovettura privata;In marcia / fermata / arresto;Conducente;M;Illeso;0;;Non accertato;Inesploso
2247311;7;08/01/2015 09:50;Strada Urbana;VIA PRENESTINA;all'intersezione con;VIA DI TOR TRE TESTE;VIA DI TOR TRE TESTE;;;Scontro frontale/laterale DX fra veicoli in marcia;Incrocio;Una carreggiata a doppio senso;Asciutto;Asfaltata;Verticale ed orizzontale;Sereno;Normale;Buona;Ore Diurne;0;0;0;2;12.59118;41.89404;-1;1;Autovettura privata;In marcia / fermata / arresto;Conducente;M;Illeso;0;;Non accertato;Inesploso
2247311;7;08/01/2015 09:50;Strada Urbana;VIA PRENESTINA;all'intersezione con;VIA DI TOR TRE TESTE;VIA DI TOR TRE TESTE;;;Scontro frontale/laterale DX fra veicoli in marcia;Incrocio;Una carreggiata a doppio senso;Asciutto;Asfaltata;Verticale ed orizzontale;Sereno;Normale;Buona;Ore Diurne;0;0;0;2;12.59118;41.89404;-1;2;Autovettura privata;In marcia / fermata / arresto;Conducente;F;Illeso;0;;;
2247313;13;08/01/2015 11:50;Strada Urbana;VIA GIANCARLO PASSERONI;da specificare;;;;altezza albero n. 3411;Scontro frontale/laterale SX fra veicoli in marcia;Rettilineo;Una carreggiata a doppio senso;Asciutto;Asfaltata;Orizzontale;Nuvoloso;Normale;Buona;Ore Diurne;0;0;0;4;12.29811;41.72956;-1;1;Autovettura privata;In marcia / fermata / arresto;Conducente;F;Illeso;0;;Non accertato;Inesploso
2247313;13;08/01/2015 11:50;Strada Urbana;VIA GIANCARLO PASSERONI;da specificare;;;;altezza albero n. 3411;Scontro frontale/laterale SX fra veicoli in marcia;Rettilineo;Una carreggiata a doppio senso;Asciutto;Asfaltata;Orizzontale;Nuvoloso;Normale;Buona;Ore Diurne;0;0;0;4;12.29811;41.72956;-1;1;Autovettura privata;In marcia / fermata / arresto;Passeggero;F;Illeso;0;;Non accertato;Inesploso
2247313;13;08/01/2015 11:50;Strada Urbana;VIA GIANCARLO PASSERONI;da specificare;;;;altezza albero n. 3411;Scontro frontale/laterale SX fra veicoli in marcia;Rettilineo;Una carreggiata a doppio senso;Asciutto;Asfaltata;Orizzontale;Nuvoloso;Normale;Buona;Ore Diurne;0;0;0;4;12.29811;41.72956;-1;2;Autovettura privata;In marcia / fermata / arresto;Conducente;M;Illeso;0;;Non accertato;Inesploso
2247313;13;08/01/2015 11:50;Strada Urbana;VIA GIANCARLO PASSERONI;da specificare;;;;altezza albero n. 3411;Scontro frontale/laterale SX fra veicoli in marcia;Rettilineo;Una carreggiata a doppio senso;Asciutto;Asfaltata;Orizzontale;Nuvoloso;Normale;Buona;Ore Diurne;0;0;0;4;12.29811;41.72956;-1;2;Autovettura privata;In marcia / fermata / arresto;Passeggero;F;Illeso;0;;Non accertato;Inesploso
2247325;19;09/01/2015 06:25;Strada Urbana;VIA DELLA PINETA SACCHETTI;in prossimità;;del civico n.;462;;Scontro laterale fra veicoli in marcia;Rettilineo;Una carreggiata a senso unico di marcia;Asciutto;Asfaltata;Orizzontale;Sereno;Normale;Buona;Ore Diurne;0;0;0;1;12.42614;41.92548;-1;1;Autovettura privata;In marcia / fermata / arresto;Conducente;M;Illeso;0;;;
2247332;5;08/01/2015 15:40;Strada Urbana;VIA DELLA VANGA;all'intersezione con;VIA MOZART;VIA MOZART;;;Scontro frontale/laterale SX fra veicoli in marcia;Intersezione stradale segnalata;Due carreggiate;Asciutto;Asfaltata;Verticale ed orizzontale;Sereno;Normale;Buona;Ore Diurne;1;0;0;2;12.56419;41.91132;-1;1;Autovettura privata;In marcia / fermata / arresto;Conducente;F;Illeso;0;;Non accertato;Inesploso
2247332;5;08/01/2015 15:40;Strada Urbana;VIA DELLA VANGA;all'intersezione con;VIA MOZART;VIA MOZART;;;Scontro frontale/laterale SX fra veicoli in marcia;Intersezione stradale segnalata;Due carreggiate;Asciutto;Asfaltata;Verticale ed orizzontale;Sereno;Normale;Buona;Ore Diurne;1;0;0;2;12.56419;41.91132;-1;1;Autovettura privata;In marcia / fermata / arresto;Passeggero;M;Illeso;0;;Non accertato;Inesploso
2247332;5;08/01/2015 15:40;Strada Urbana;VIA DELLA VANGA;all'intersezione con;VIA MOZART;VIA MOZART;;;Scontro frontale/laterale SX fra veicoli in marcia;Intersezione stradale segnalata;Due carreggiate;Asciutto;Asfaltata;Verticale ed orizzontale;Sereno;Normale;Buona;Ore Diurne;1;0;0;2;12.56419;41.91132;-1;2;Motociclo a solo;In marcia / fermata / arresto;Conducente;M;Ricoverato;0;NON DECEDUTO;Non accertato;
2247334;19;08/01/2015 11:00;Strada Urbana;VIA MARZIALE;in prossimità;;del civico n.;5/a;;Scontro laterale fra veicoli in marcia;Rettilineo;Una carreggiata a doppio senso;Asciutto;Asfaltata;Verticale ed orizzontale;Nuvoloso;Normale;Buona;Ore Diurne;0;0;0;2;12.44329;41.91182;-1;1;Autovettura privata;In marcia / fermata / arresto;Conducente;F;Illeso;0;;;
2247334;19;08/01/2015 11:00;Strada Urbana;VIA MARZIALE;in prossimità;;del civico n.;5/a;;Scontro laterale fra veicoli in marcia;Rettilineo;Una carreggiata a doppio senso;Asciutto;Asfaltata;Verticale ed orizzontale;Nuvoloso;Normale;Buona;Ore Diurne;0;0;0;2;12.44329;41.91182;-1;2;Autocarro inferiore 35 q.;In marcia / fermata / arresto;Conducente;M;Illeso;0;;;
2247347;4;08/01/2015 10:25;Provinciale entro l'abitato;VIA NOMENTANA;all'intersezione con;VIA VAL TROMPIA;VIA VAL TROMPIA;;;Scontro frontale/laterale DX fra veicoli in marcia;Incrocio;Una carreggiata a doppio senso;Asciutto;Asfaltata;Verticale ed orizzontale;Nuvoloso;Normale;Buona;Ore Diurne;1;0;0;1;12.58026;41.95765;-1;1;Autovettura privata;In marcia / fermata / arresto;Conducente;F;Illeso;0;;Non accertato;
2247347;4;08/01/2015 10:25;Provinciale entro l'abitato;VIA NOMENTANA;all'intersezione con;VIA VAL TROMPIA;VIA VAL TROMPIA;;;Scontro frontale/laterale DX fra veicoli in marcia;Incrocio;Una carreggiata a doppio senso;Asciutto;Asfaltata;Verticale ed orizzontale;Nuvoloso;Normale;Buona;Ore Diurne;1;0;0;1;12.58026;41.95765;-1;2;Motociclo a solo;In marcia / fermata / arresto;Conducente;F;Ricoverato;0;NON DECEDUTO;Non accertato;
2247348;19;08/01/2015 20:15;Strada Urbana;VIA FIRMICO MATERNO;all'intersezione con;VIA PROBA PETRONIA;VIA PROBA PETRONIA;;;Scontro frontale/laterale SX fra veicoli in marcia;Incrocio;Una carreggiata a doppio senso;Bagnato (pioggia);Asfaltata;Verticale ed orizzontale;Nuvoloso;Scarso;Buona;Sufficiente;0;0;0;2;12.43635;41.91488;-1;1;Autovettura privata;In marcia / fermata / arresto;Conducente;F;Illeso;0;;;
2247348;19;08/01/2015 20:15;Strada Urbana;VIA FIRMICO MATERNO;all'intersezione con;VIA PROBA PETRONIA;VIA PROBA PETRONIA;;;Scontro frontale/laterale SX fra veicoli in marcia;Incrocio;Una carreggiata a doppio senso;Bagnato (pioggia);Asfaltata;Verticale ed orizzontale;Nuvoloso;Scarso;Buona;Sufficiente;0;0;0;2;12.43635;41.91488;-1;2;Motociclo a solo;In marcia / fermata / arresto;Conducente;M;Illeso;0;;;
2247350;10;08/01/2015 11:30;Statale;VIA APPIA NUOVA;in prossimità;;del civico n.;1255;;Veicolo in marcia contro ostacolo fisso;Curva a visuale libera;Due carreggiate;Bagnato (umidità in atto);Asfaltata;Verticale ed orizzontale;Nuvoloso;Normale;Buona;Ore Diurne;1;0;0;0;12.57012;41.81594;-1;1;Autovettura privata;In marcia / fermata / arresto;Conducente;F;Rimandato;0;NON DECEDUTO;Non accertato;Esploso
2247353;1;08/01/2015 18:20;Strada Urbana;VIA QUATTRO NOVEMBRE;in prossimità;;del civico n.;152;;Tamponamento;Rettilineo;Una carreggiata a doppio senso;Asciutto;In cubetti di porfido;Verticale ed orizzontale;Sereno;Normale;Buona;Sufficiente;0;0;0;2;12.48531;41.89676;-1;1;Autocarro inferiore 35 q.;In marcia / fermata / arresto;Conducente;M;Illeso;0;;Non accertato;
2247353;1;08/01/2015 18:20;Strada Urbana;VIA QUATTRO NOVEMBRE;in prossimità;;del civico n.;152;;Tamponamento;Rettilineo;Una carreggiata a doppio senso;Asciutto;In cubetti di porfido;Verticale ed orizzontale;Sereno;Normale;Buona;Sufficiente;0;0;0;2;12.48531;41.89676;-1;2;Autovettura privata;Allontanatosi;Conducente;M;Illeso;0;;Non accertato;
2247354;13;08/01/2015 20:00;Strada Urbana;VIA DI DRAGONE;all'intersezione con;VIA ALFIANELLO;VIA ALFIANELLO;;;Tamponamento Multiplo;Incrocio;Una carreggiata a doppio senso;Asciutto;Asfaltata;Verticale;Sereno;Normale;Buona;Sufficiente;3;0;0;2;12.3326;41.78344;-1;1;Autovettura privata;In marcia / fermata / arresto;Conducente;M;Ricoverato;0;NON DECEDUTO;Non accertato;Inesploso