Protocollo;Gruppo;DataOraIncidente;Localizzazione1;STRADA1;Localizzazione2;STRADA2;Strada02;Chilometrica;DaSpecificare;NaturaIncidente;particolaritastrade;TipoStrada;FondoStradale;Pavimentazione;Segnaletica;CondizioneAtmosferica;Traffico;Visibilita;Illuminazione;NUM_FERITI;NUM_RISERVATA;NUM_MORTI;NUM_ILLESI;Longitudine;Latitudine;Confermato;Progressivo;TipoVeicolo;StatoVeicolo;TipoPersona;Sesso;Tipolesione;Deceduto;DecedutoDopo;CinturaCascoUtilizzato;Airbag
2249499;16;08/01/2015 08:05;Strada Urbana;VIA SILVESTRI;in prossimità;;del civico n.;f.c. 20;;Veicolo in marcia contro ostacolo accidentale;Curva senza visuale libera;Una carreggiata a doppio senso;Bagnato (umidità in atto);Asfaltata;Orizzontale;Nuvoloso;Intenso;Buona;Ore Diurne;0;0;0;2;12.43081;41.87736;-1;1;Quadriciclo leggero;In marcia / fermata / arresto;Conducente;M;Illeso;0;;Non accertato;
2249499;16;08/01/2015 08:05;Strada Urbana;VIA SILVESTRI;in prossimità;;del civico n.;f.c. 20;;Veicolo in marcia contro ostacolo accidentale;Curva senza visuale libera;Una carreggiata a doppio senso;Bagnato (umidità in atto);Asfaltata;Orizzontale;Nuvoloso;Intenso;Buona;Ore Diurne;0;0;0;2;12.43081;41.87736;-1;3;Autovettura privata;In marcia / fermata / arresto;Conducente;M;Illeso;0;;Non accertato;
2249507;20;10/01/2015 10:15;Strada Urbana;VIA DI VIGNA STELLUTI;all'intersezione con;LARGO DI VIGNA STELLUTI;LARGO DI VIGNA STELLUTI;;;Investimento di pedone;Intersezione stradale segnalata;Una carreggiata a doppio senso;Asciutto;Asfaltata;Verticale ed orizzontale;Nuvoloso;Intenso;Buona;Ore Diurne;1;0;0;1;12.46644;41.94752;-1;;;;Pedone;F;Rimandato;0;NON DECEDUTO;;
2249507;20;10/01/2015 10:15;Strada Urbana;VIA DI VIGNA STELLUTI;all'intersezione con;LARGO DI VIGNA STELLUTI;LARGO DI VIGNA STELLUTI;;;Investimento di pedone;Intersezione stradale segnalata;Una carreggiata a doppio senso;Asciutto;Asfaltata;Verticale ed orizzontale;Nuvoloso;Intenso;Buona;Ore Diurne;1;0;0;1;12.46644;41.94752;-1;1;Autovettura privata;In marcia / fermata / arresto;Conducente;M;Illeso;0;;Non accertato;Inesploso
2249511;4;10/01/2015 17:45;Strada Urbana;VIA DELLE ISOLE CURZOLANE;all'intersezione con;VIA MONTE PETRELLA;VIA MONTE PETRELLA;;;Scontro laterale fra veicoli in marcia;Incrocio;Due carreggiate;Asciutto;Asfaltata;Verticale ed orizzontale;Sereno;Normale;Sufficiente;Sufficiente;0;0;0;4;12.53194;41.94885;-1;1;Autovettura privata;In marcia / fermata / arresto;Conducente;M;Illeso;0;;Non accertato;
2249511;4;10/01/2015 17:45;Strada Urbana;VIA DELLE ISOLE CURZOLANE;all'intersezione con;VIA MONTE PETRELLA;VIA MONTE PETRELLA;;;Scontro laterale fra veicoli in marcia;Incrocio;Due carreggiate;Asciutto;Asfaltata;Verticale ed orizzontale;Sereno;Normale;Sufficiente;Sufficiente;0;0;0;4;12.53194;41.94885;-1;1;Autovettura privata;In marcia / fermata / arresto;Passeggero;F;Illeso;0;;Non accertato;
2249511;4;10/01/2015 17:45;Strada Urbana;VIA DELLE ISOLE CURZOLANE;all'intersezione con;VIA MONTE PETRELLA;VIA MONTE PETRELLA;;;Scontro laterale fra veicoli in marcia;Incrocio;Due carreggiate;Asciutto;Asfaltata;Verticale ed orizzontale;Sereno;Normale;Sufficiente;Sufficiente;0;0;0;4;12.53194;41.94885;-1;2;Autovettura privata;In marcia / fermata / arresto;Conducente;F;Illeso;0;;Non accertato;
2249511;4;10/01/2015 17:45;Strada Urbana;VIA DELLE ISOLE CURZOLANE;all'intersezione con;VIA MONTE PETRELLA;VIA MONTE PETRELLA;;;Scontro laterale fra veicoli in marcia;Incrocio;Due carreggiate;Asciutto;Asfaltata;Verticale ed orizzontale;Sereno;Normale;Sufficiente;Sufficiente;0;0;0;4;12.53194;41.94885;-1;2;Autovettura privata;In marcia / fermata / arresto;Passeggero;F;Illeso;0;;Non accertato;
2249518;2;12/01/2015 07:05;Strada Urbana;VIALE DEL VIGNOLA;all'intersezione con;VIA DONATELLO;VIA DONATELLO;;;Scontro frontale/laterale SX fra veicoli in marcia;Incrocio;Una carreggiata a doppio senso;Asciutto;Asfaltata;Verticale ed orizzontale;Sereno;Scarso;Buona;Ore Diurne;2;0;0;1;12.46824;41.92477;-1;1;Autovettura pubblica;In marcia / fermata / arresto;Conducente;M;Rifiuta cure immediate;0;NON DECEDUTO;Non accertato;Inesploso
2249518;2;12/01/2015 07:05;Strada Urbana;VIALE DEL VIGNOLA;all'intersezione con;VIA DONATELLO;VIA DONATELLO;;;Scontro frontale/laterale SX fra veicoli in marcia;Incrocio;Una carreggiata a doppio senso;Asciutto;Asfaltata;Verticale ed orizzontale;Sereno;Scarso;Buona;Ore Diurne;2;0;0;1;12.46824;41.92477;-1;1;Autovettura pubblica;In marcia / fermata / arresto;Passeggero;F;Rimandato;0;NON DECEDUTO;Non accertato;
2249518;2;12/01/2015 07:05;Strada Urbana;VIALE DEL VIGNOLA;all'intersezione con;VIA DONATELLO;VIA DONATELLO;;;Scontro frontale/laterale SX fra veicoli in marcia;Incrocio;Una carreggiata a doppio senso;Asciutto;Asfaltata;Verticale ed orizzontale;Sereno;Scarso;Buona;Ore Diurne;2;0;0;1;12.46824;41.92477;-1;2;Autovettura pubblica;In marcia / fermata / arresto;Conducente;M;Illeso;0;;Non accertato;Inesploso
2249526;4;10/01/2015 10:00;Strada Urbana;VIA CONCA D'ORO;in prossimità;;del civico n.;206;;Veicolo in marcia contro veicoli in sosta;Rettilineo;Una carreggiata a doppio senso;Asciutto;Asfaltata;Orizzontale;Nuvoloso;Normale;Buona;Ore Diurne;0;0;0;1;12.52378;41.94107;-1;1;Autovettura privata;In marcia / fermata / arresto;Conducente;M;Illeso;0;;Non accertato;
2249527;1;09/01/2015 08:50;Strada Urbana;PIAZZA VENEZIA;all'intersezione con;VIA CESARE BATTISTI;VIA CESARE BATTISTI;;;Veicolo in marcia contro ostacolo accidentale;Incrocio;Una carreggiata a senso unico di marcia;Viscido da liquidi oleosi;In cubetti di porfido;Orizzontale;Sereno;Intenso;Buona;Ore Diurne;1;0;0;1;12.48262;41.89633;-1;1;Motociclo con passeggero;In marcia / fermata / arresto;Conducente;F;Rifiuta cure immediate;0;NON DECEDUTO;Non accertato;
2249527;1;09/01/2015 08:50;Strada Urbana;PIAZZA VENEZIA;all'intersezione con;VIA CESARE BATTISTI;VIA CESARE BATTISTI;;;Veicolo in marcia contro ostacolo accidentale;Incrocio;Una carreggiata a senso unico di marcia;Viscido da liquidi oleosi;In cubetti di porfido;Orizzontale;Sereno;Intenso;Buona;Ore Diurne;1;0;0;1;12.48262;41.89633;-1;1;Motociclo con passeggero;In marcia / fermata / arresto;Passeggero;F;Illeso;0;;Non accertato;
2249529;2;09/01/2015 17:55;Strada Urbana;VIA DEI CAMPI SPORTIVI;da specificare;;;;altezza Palo Acea n. 36;Tamponamento;Rettilineo;Una carreggiata a doppio senso;Asciutto;Asfaltata;Orizzontale;Sereno;Normale;Buona;Sufficiente;0;0;0;3;12.49025;41.93584;-1;1;Autovettura privata;In marcia / fermata / arresto;Conducente;F;Illeso;0;;Utilizzato;Inesploso
2249529;2;09/01/2015 17:55;Strada Urbana;VIA DEI CAMPI SPORTIVI;da specificare;;;;altezza Palo Acea n. 36;Tamponamento;Rettilineo;Una carreggiata a doppio senso;Asciutto;Asfaltata;Orizzontale;Sereno;Normale;Buona;Sufficiente;0;0;0;3;12.49025;41.93584;-1;1;Autovettura privata;In marcia / fermata / arresto;Passeggero;M;Illeso;0;;Utilizzato;Inesploso
2249529;2;09/01/2015 17:55;Strada Urbana;VIA DEI CAMPI SPORTIVI;da specificare;;;;altezza Palo Acea n. 36;Tamponamento;Rettilineo;Una carreggiata a doppio senso;Asciutto;Asfaltata;Orizzontale;Sereno;Normale;Buona;Sufficiente;0;0;0;3;12.49025;41.93584;-1;2;Autovettura privata;In marcia / fermata / arresto;Conducente;M;Illeso;0;;;
2249531;18;12/01/2015 08:50;Strada Urbana;VIA CORNELIA;all'intersezione con;VIA PIETRO D'ABANO;VIA PIETRO D'ABANO;;;Scontro frontale/laterale SX fra veicoli in marcia;Intersezione non regolata/non segnalata;Una carreggiata a doppio senso;Asciutto;Asfaltata;Verticale ed orizzontale;Sereno;Scarso;Buona;Ore Diurne;1;0;0;1;12.38868;41.89752;-1;1;Autovettura privata;In marcia / fermata / arresto;Conducente;F;Illeso;0;;Non accertato;Inesistente
2249531;18;12/01/2015 08:50;Strada Urbana;VIA CORNELIA;all'intersezione con;VIA PIETRO D'ABANO;VIA PIETRO D'ABANO;;;Scontro frontale/laterale SX fra veicoli in marcia;Intersezione non regolata/non segnalata;Una carreggiata a doppio senso;Asciutto;Asfaltata;Verticale ed orizzontale;Sereno;Scarso;Buona;Ore Diurne;1;0;0;1;12.38868;41.89752;-1;2;Motociclo a solo;In marcia / fermata / arresto;Conducente;M;Rifiuta cure immediate;0;NON DECEDUTO;Non accertato;
2249533;19;10/01/2015 10:40;Strada Urbana;VIA TRIONFALE;in corrispondenza;;del civico n.;11785;;Scontro laterale fra veicoli in marcia;Rettilineo;Una carreggiata a doppio senso;Asciutto;Asfaltata;Verticale ed orizzontale;Sereno;Scarso;Buona;Ore Diurne;0;0;0;2;12.409;41.96435;-1;1;Autocarro inferiore 35 q.;In marcia / fermata / arresto;Conducente;M;Illeso;0;;Non accertato;Inesploso
2249533;19;10/01/2015 10:40;Strada Urbana;VIA TRIONFALE;in corrispondenza;;del civico n.;11785;;Scontro laterale fra veicoli in marcia;Rettilineo;Una carreggiata a doppio senso;Asciutto;Asfaltata;Verticale ed orizzontale;Sereno;Scarso;Buona;Ore Diurne;0;0;0;2;12.409;41.96435;-1;2;Autovettura privata;In marcia / fermata / arresto;Conducente;F;Illeso;0;;Non accertato;Inesploso
2249536;20;10/01/2015 11:50;Regionale entro l'abitato;VIA FLAMINIA;in corrispondenza;;del civico n.;861;;Scontro laterale fra veicoli in marcia;Curva senza visuale libera;Due carreggiate;Asciutto;Asfaltata;Orizzontale;Sereno;Normale;Buona;Ore Diurne;1;0;0;1;12.48504;41.95739;-1;1;Autovettura privata;In marcia / fermata / arresto;Conducente;F;Rimandato;0;NON DECEDUTO;Non accertato;
2249536;20;10/01/2015 11:50;Regionale entro l'abitato;VIA FLAMINIA;in corrispondenza;;del civico n.;861;;Scontro laterale fra veicoli in marcia;Curva senza visuale libera;Due carreggiate;Asciutto;Asfaltata;Orizzontale;Sereno;Normale;Buona;Ore Diurne;1;0;0;1;12.48504;41.95739;-1;2;Autovettura privata;In marcia / fermata / arresto;Conducente;F;Illeso;0;;Non accertato;
2249537;12;08/01/2015 18:40;Provinciale entro l'abitato;VIA LAURENTINA;all'intersezione con;VIA DI CASTEL DI LEVA;VIA DI CASTEL DI LEVA;;;Tamponamento;Rotatoria;Una carreggiata a senso unico di marcia;Asciutto;Asfaltata;Verticale ed orizzontale;Sereno;Intenso;Insufficiente;Insufficiente;0;0;0;3;12.48248;41.78788;-1;1;Autovettura privata;In marcia / fermata / arresto;Conducente;F;Illeso;0;;Non accertato;Esploso
2249537;12;08/01/2015 18:40;Provinciale entro l'abitato;VIA LAURENTINA;all'intersezione con;VIA DI CASTEL DI LEVA;VIA DI CASTEL DI LEVA;;;Tamponamento;Rotatoria;Una carreggiata a senso unico di marcia;Asciutto;Asfaltata;Verticale ed orizzontale;Sereno;Intenso;Insufficiente;Insufficiente;0;0;0;3;12.48248;41.78788;-1;1;Autovettura privata;In marcia / fermata / arresto;Passeggero;M;Illeso;0;;Utilizzato;Esploso
2249537;12;08/01/2015 18:40;Provinciale entro l'abitato;VIA LAURENTINA;all'intersezione con;VIA DI CASTEL DI LEVA;VIA DI CASTEL DI LEVA;;;Tamponamento;Rotatoria;Una carreggiata a senso unico di marcia;Asciutto;Asfaltata;Verticale ed orizzontale;Sereno;Intenso;Insufficiente;Insufficiente;0;0;0;3;12.48248;41.78788;-1;2;Autovettura privata;In marcia / fermata / arresto;Conducente;M;Illeso;0;;Utilizzato;Inesploso
2249539;16;08/01/2015 13:10;Strada Urbana;VIA IPPOLITO NIEVO;all'intersezione con;VIA FRANCESCO BENAGLIA;VIA FRANCESCO BENAGLIA;;;Scontro frontale/laterale DX fra veicoli in marcia;Incrocio;Due carreggiate;Bagnato (umidità in atto);Asfaltata;Verticale;Nuvoloso;Normale;Buona;Ore Diurne;1;0;0;3;12.46718;41.87866;-1;1;Motociclo a solo;In marcia / fermata / arresto;Conducente;M;Rimandato;0;NON DECEDUTO;Non accertato;
2249539;16;08/01/2015 13:10;Strada Urbana;VIA IPPOLITO NIEVO;all'intersezione con;VIA FRANCESCO BENAGLIA;VIA FRANCESCO BENAGLIA;;;Scontro frontale/laterale DX fra veicoli in marcia;Incrocio;Due carreggiate;Bagnato (umidità in atto);Asfaltata;Verticale;Nuvoloso;Normale;Buona;Ore Diurne;1;0;0;3;12.46718;41.87866;-1;2;Autovettura privata;In marcia / fermata / arresto;Conducente;F;Illeso;0;;Non accertato;
2249539;16;08/01/2015 13:10;Strada Urbana;VIA IPPOLITO NIEVO;all'intersezione con;VIA FRANCESCO BENAGLIA;VIA FRANCESCO BENAGLIA;;;Scontro frontale/laterale DX fra veicoli in marcia;Incrocio;Due carreggiate;Bagnato (umidità in atto);Asfaltata;Verticale;Nuvoloso;Normale;Buona;Ore Diurne;1;0;0;3;12.46718;41.87866;-1;2;Autovettura privata;In marcia / fermata / arresto;Passeggero;M;Illeso;0;;Non accertato;
2249539;16;08/01/2015 13:10;Strada Urbana;VIA IPPOLITO NIEVO;all'intersezione con;VIA FRANCESCO BENAGLIA;VIA FRANCESCO BENAGLIA;;;Scontro frontale/laterale DX fra veicoli in marcia;Incrocio;Due carreggiate;Bagnato (umidità in atto);Asfaltata;Verticale;Nuvoloso;Normale;Buona;Ore Diurne;1;0;0;3;12.46718;41.87866;-1;2;Autovettura privata;In marcia / fermata / arresto;Passeggero;F;Illeso;0;;Non accertato;
2249547;1;09/01/2015 10:20;Strada Urbana;VIALE DI TRASTEVERE;all'intersezione semaforizzata con;VIA GIROLAMO INDUNO;VIA GIROLAMO INDUNO;;;Scontro laterale fra veicoli in marcia;Intersezione semaforizzata;Una carreggiata a doppio senso;Asciutto;Asfaltata;Verticale ed orizzontale;Sereno;Normale;Buona;Ore Diurne;0;0;0;4;12.4681;41.8819;-1;1;Autovettura privata;In marcia / fermata / arresto;Conducente;M;Illeso;0;;Non accertato;
2249547;1;09/01/2015 10:20;Strada Urbana;VIALE DI TRASTEVERE;all'intersezione semaforizzata con;VIA GIROLAMO INDUNO;VIA GIROLAMO INDUNO;;;Scontro laterale fra veicoli in marcia;Intersezione semaforizzata;Una carreggiata a doppio senso;Asciutto;Asfaltata;Verticale ed orizzontale;Sereno;Normale;Buona;Ore Diurne;0;0;0;4;12.4681;41.8819;-1;1;Autovettura privata;In marcia / fermata / arresto;Passeggero;F;Illeso;0;;Non accertato;
2249547;1;09/01/2015 10:20;Strada Urbana;VIALE DI TRASTEVERE;all'intersezione semaforizzata con;VIA GIROLAMO INDUNO;VIA GIROLAMO INDUNO;;;Scontro laterale fra veicoli in marcia;Intersezione semaforizzata;Una carreggiata a doppio senso;Asciutto;Asfaltata;Verticale ed orizzontale;Sereno;Normale;Buona;Ore Diurne;0;0;0;4;12.4681;41.8819;-1;1;Autovettura privata;In marcia / fermata / arresto;Passeggero;F;Illeso;0;;Non accertato;
2249547;1;09/01/2015 10:20;Strada Urbana;VIALE DI TRASTEVERE;all'intersezione semaforizzata con;VIA GIROLAMO INDUNO;VIA GIROLAMO INDUNO;;;Scontro laterale fra veicoli in marcia;Intersezione semaforizzata;Una carreggiata a doppio senso;Asciutto;Asfaltata;Verticale ed orizzontale;Sereno;Normale;Buona;Ore Diurne;0;0;0;4;12.4681;41.8819;-1;2;Ciclomotore;In marcia / fermata / arresto;Conducente;M;Illeso;0;;Non accertato;
2249556;4;10/01/2015 18:20;Strada Urbana;VIA MONTE MASSICO;all'intersezione con;VIA CAPRAIA;VIA CAPRAIA;;;Tamponamento;Intersezione semaforizzata;Una carreggiata a senso unico di marcia;Asciutto;Asfaltata;Verticale ed orizzontale;Sereno;Normale;Buona;Sufficiente;0;0;0;4;12.53196;41.9513;-1;1;Autovettura privata;In marcia / fermata / arresto;Conducente;M;Illeso;0;;Non accertato;Inesploso
2249556;4;10/01/2015 18:20;Strada Urbana;VIA MONTE MASSICO;all'intersezione con;VIA CAPRAIA;VIA CAPRAIA;;;Tamponamento;Intersezione semaforizzata;Una carreggiata a senso unico di marcia;Asciutto;Asfaltata;Verticale ed orizzontale;Sereno;Normale;Buona;Sufficiente;0;0;0;4;12.53196;41.9513;-1;2;Autovettura privata;In marcia / fermata / arresto;Conducente;F;Illeso;0;;Non accertato;
2249556;4;10/01/2015 18:20;Strada Urbana;VIA MONTE MASSICO;all'intersezione con;VIA CAPRAIA;VIA CAPRAIA;;;Tamponamento;Intersezione semaforizzata;Una carreggiata a senso unico di marcia;Asciutto;Asfaltata;Verticale ed orizzontale;Sereno;Normale;Buona;Sufficiente;0;0;0;4;12.53196;41.9513;-1;2;Autovettura privata;In marcia / fermata / arresto;Passeggero;F;Illeso;0;;Non accertato;Inesploso
2249562;1;09/01/2015 09:25;Strada Urbana;VIA MARSALA;in prossimità;;del civico n.;52;;Investimento di pedone;Rettilineo;Una carreggiata a senso unico di marcia;Asciutto;In cubetti di porfido;Verticale ed orizzontale;Sereno;Normale;Buona;Ore Diurne;1;0;0;1;12.50464;41.90092;-1;;;;Pedone;M;Rimandato;0;NON DECEDUTO;;
2249562;1;09/01/2015 09:25;Strada Urbana;VIA MARSALA;in prossimità;;del civico n.;52;;Investimento di pedone;Rettilineo;Una carreggiata a senso unico di marcia;Asciutto;In cubetti di porfido;Verticale ed orizzontale;Sereno;Normale;Buona;Ore Diurne;1;0;0;1;12.50464;41.90092;-1;1;Autovettura privata;In marcia / fermata / arresto;Conducente;M;Illeso;0;;Non accertato;Inesploso
2249565;4;10/01/2015 15:00;Strada Urbana;VIA RENATO FUCINI;all'intersezione semaforizzata con;VIA UMBERTO FRACCHIA;VIA UMBERTO FRACCHIA;;;Scontro laterale fra veicoli in marcia;Intersezione semaforizzata;Due carreggiate;Asciutto;Asfaltata;Verticale ed orizzontale;Sereno;Normale;Buona;Ore Diurne;0;0;0;3;12.54909;41.95063;-1;1;Autovettura privata;In marcia / fermata / arresto;Conducente;M;Illeso;0;;Non accertato;
2249565;4;10/01/2015 15:00;Strada Urbana;VIA RENATO FUCINI;all'intersezione semaforizzata con;VIA UMBERTO FRACCHIA;VIA UMBERTO FRACCHIA;;;Scontro laterale fra veicoli in marcia;Intersezione semaforizzata;Due carreggiate;Asciutto;Asfaltata;Verticale ed orizzontale;Sereno;Normale;Buona;Ore Diurne;0;0;0;3;12.54909;41.95063;-1;2;Autovettura privata;In marcia / fermata / arresto;Conducente;F;Illeso;0;;Non accertato;
2249565;4;10/01/2015 15:00;Strada Urbana;VIA RENATO FUCINI;all'intersezione semaforizzata con;VIA UMBERTO FRACCHIA;VIA UMBERTO FRACCHIA;;;Scontro laterale fra veicoli in marcia;Intersezione semaforizzata;Due carreggiate;Asciutto;Asfaltata;Verticale ed orizzontale;Sereno;Normale;Buona;Ore Diurne;0;0;0;3;12.54909;41.95063;-1;2;Autovettura privata;In marcia / fermata / arresto;Passeggero;F;Illeso;0;;Non accertato;
2249567;13;09/01/2015 12:30;Strada Urbana;VIA DI SAPONARA;in prossimità;;del civico n.;66;;Veicolo in marcia contro veicolo arresto;Rettilineo;Una carreggiata a senso unico di marcia;Asciutto;Asfaltata;Verticale ed orizzontale;Sereno;Normale;Buona;Ore Diurne;0;0;0;2;12.36216;41.78027;-1;1;Autovettura privata;In marcia / fermata / arresto;Conducente;M;Illeso;0;;Non accertato;Inesploso
2249567;13;09/01/2015 12:30;Strada Urbana;VIA DI SAPONARA;in prossimità;;del civico n.;66;;Veicolo in marcia contro veicolo arresto;Rettilineo;Una carreggiata a senso unico di marcia;Asciutto;Asfaltata;Verticale ed orizzontale;Sereno;Normale;Buona;Ore Diurne;0;0;0;2;12.36216;41.78027;-1;2;Autovettura privata;In marcia / fermata / arresto;Conducente;M;Illeso;0;;Non accertato;Inesploso
2249571;17;11/01/2015 19:35;Strada Urbana;VIA ATTILIO REGOLO;all'intersezione con;VIA DEI GRACCHI;VIA DEI GRACCHI;;;Scontro frontale/laterale SX fra veicoli in marcia;Intersezione stradale segnalata;Una carreggiata a senso unico di marcia;Asciutto;Asfaltata;Verticale ed orizzontale;Nuvoloso;Normale;Sufficiente;Sufficiente;2;0;0;0;12.46482;41.90856;-1;1;Autovettura privata;In marcia / fermata / arresto;Conducente;M;Rimandato;0;NON DECEDUTO;;
2249571;17;11/01/2015 19:35;Strada Urbana;VIA ATTILIO REGOLO;all'intersezione con;VIA DEI GRACCHI;VIA DEI GRACCHI;;;Scontro frontale/laterale SX fra veicoli in marcia;Intersezione stradale segnalata;Una carreggiata a senso unico di marcia;Asciutto;Asfaltata;Verticale ed orizzontale;Nuvoloso;Normale;Sufficiente;Sufficiente;2;0;0;0;12.46482;41.90856;-1;2;Autovettura privata;In marcia / fermata / arresto;Conducente;F;Rimandato;0;NON DECEDUTO;Utilizzato;Inesploso
2249582;4;10/01/2015 12:55;Statale entro l'abitato;VIA SALARIA;in prossimità;;del civico n.;851;;Tamponamento;Rettilineo;Due carreggiate;Asciutto;Asfaltata;Verticale ed orizzontale;Sereno;Normale;Buona;Ore Diurne;1;0;0;3;12.50582;41.95563;-1;1;Autovettura privata;In marcia / fermata / arresto;Conducente;M;Illeso;0;;Non accertato;
2249582;4;10/01/2015 12:55;Statale entro l'abitato;VIA SALARIA;in prossimità;;del civico n.;851;;Tamponamento;Rettilineo;Due carreggiate;Asciutto;Asfaltata;Verticale ed orizzontale;Sereno;Normale;Buona;Ore Diurne;1;0;0;3;12.50582;41.95563;-1;1;Autovettura privata;In marcia / fermata / arresto;Passeggero;F;Rimandato;0;NON DECEDUTO;Non accertato;Inesploso
2249582;4;10/01/2015 12:55;Statale entro l'abitato;VIA SALARIA;in prossimità;;del civico n.;851;;Tamponamento;Rettilineo;Due carreggiate;Asciutto;Asfaltata;Verticale ed orizzontale;Sereno;Normale;Buona;Ore Diurne;1;0;0;3;12.50582;41.95563;-1;2;Autovettura privata;In marcia / fermata / arresto;Conducente;M;Illeso;0;;Non accertato;Inesploso
2249582;4;10/01/2015 12:55;Statale entro l'abitato;VIA SALARIA;in prossimità;;del civico n.;851;;Tamponamento;Rettilineo;Due carreggiate;Asciutto;Asfaltata;Verticale ed orizzontale;Sereno;Normale;Buona;Ore Diurne;1;0;0;3;12.50582;41.95563;-1;2;Autovettura privata;In marcia / fermata / arresto;Passeggero;M;Illeso;0;;Non accertato;Inesploso
2249584;7;12/01/2015 08:50;Provinciale entro l'abitato;VIA PRENESTINA;in prossimità;;del civico n.;890;;Investimento di pedone;Rettilineo;Una carreggiata a doppio senso;Asciutto;Asfaltata;Verticale ed orizzontale;Sereno;Intenso;Buona;Ore Diurne;1;0;0;1;12.59239;41.89403;-1;;;;Pedone;M;Rimandato;0;NON DECEDUTO;;
2249584;7;12/01/2015 08:50;Provinciale entro l'abitato;VIA PRENESTINA;in prossimità;;del civico n.;890;;Investimento di pedone;Rettilineo;Una carreggiata a doppio senso;Asciutto;Asfaltata;Verticale ed orizzontale;Sereno;Intenso;Buona;Ore Diurne;1;0;0;1;12.59239;41.89403;-1;1;Autovettura privata;In marcia / fermata / arresto;Conducente;F;Illeso;0;;Non accertato;
2249585;20;10/01/2015 13:00;Strada Urbana;VIA CASSIA;in prossimità;;del civico n.;344;;Veicolo in marcia contro ostacolo accidentale;Curva a visuale libera;Una carreggiata a doppio senso;Asciutto;Asfaltata;Verticale ed orizzontale;Sereno;Normale;Buona;Ore Diurne;0;0;0;1;12.45649;41.95392;-1;1;Autovettura privata;In marcia / fermata / arresto;Conducente;F;Illeso;0;;Non accertato;
2249590;1;09/01/2015 22:55;Strada Urbana;VIALE MANZONI;all'intersezione con;VIA GIOVANNI GIOLITTI;VIA GIOVANNI GIOLITTI;;;Veicolo in marcia contro veicoli in sosta;Incrocio;Una carreggiata a senso unico di marcia;Asciutto;Asfaltata;Verticale ed orizzontale;Nuvoloso;Scarso;Buona;Sufficiente;0;0;0;1;12.50772;41.89117;-1;1;Autovettura privata;In marcia / fermata / arresto;Conducente;M;Illeso;0;;Non accertato;
2249593;16;09/01/2015 16:20;Strada Urbana;VIA DEL CASALETTO;all'intersezione con;VIA ADOLFO GANDIGLIO;VIA ADOLFO GANDIGLIO;;;Infortunio per sola frenata improvvisa;Intersezione stradale segnalata;Una carreggiata a doppio senso;Asciutto;Asfaltata;Verticale;Sereno;Normale;Sufficiente;Ore Diurne;1;0;0;2;12.43803;41.86674;-1;1;Autovettura privata;In marcia / fermata / arresto;Conducente;F;Illeso;0;;Non accertato;
2249593;16;09/01/2015 16:20;Strada Urbana;VIA DEL CASALETTO;all'intersezione con;VIA ADOLFO GANDIGLIO;VIA ADOLFO GANDIGLIO;;;Infortunio per sola frenata improvvisa;Intersezione stradale segnalata;Una carreggiata a doppio senso;Asciutto;Asfaltata;Verticale;Sereno;Normale;Sufficiente;Ore Diurne;1;0;0;2;12.43803;41.86674;-1;1;Autovettura privata;In marcia / fermata / arresto;Passeggero;F;Illeso;0;;Non accertato;
2249593;16;09/01/2015 16:20;Strada Urbana;VIA DEL CASALETTO;all'intersezione con;VIA ADOLFO GANDIGLIO;VIA ADOLFO GANDIGLIO;;;Infortunio per sola frenata improvvisa;Intersezione stradale segnalata;Una carreggiata a doppio senso;Asciutto;Asfaltata;Verticale;Sereno;Normale;Sufficiente;Ore Diurne;1;0;0;2;12.43803;41.86674;-1;2;Motociclo a solo;In marcia / fermata / arresto;Conducente;M;Rimandato;0;NON DECEDUTO;Non accertato;
2249598;19;10/01/2015 12:10;Strada Urbana;VIA ALBERTO CADLOLO;in prossimità;;del civico n.;19;;Scontro laterale fra veicoli in marcia;Rettilineo;Una carreggiata a doppio senso;Asciutto;Asfaltata;Verticale;Sereno;Normale;Buona;Ore Diurne;0;0;0;2;12.44722;41.92287;-1;1;Autovettura privata;In marcia / fermata / arresto;Conducente;M;Illeso;0;;Non accertato;Inesploso
2249598;19;10/01/2015 12:10;Strada Urbana;VIA ALBERTO CADLOLO;in prossimità;;del civico n.;19;;Scontro laterale fra veicoli in marcia;Rettilineo;Una carreggiata a doppio senso;Asciutto;Asfaltata;Verticale;Sereno;Normale;Buona;Ore Diurne;0;0;0;2;12.44722;41.92287;-1;2;Autovettura privata;In marcia / fermata / arresto;Conducente;F;Illeso;0;;Non accertato;Inesploso
2249600;20;12/01/2015 10:55;Strada Urbana;VIA MONTEROSI;all'intersezione con;VIA CASTELFRANCO VENETO;VIA CASTELFRANCO VENETO;;;Scontro frontale/laterale SX fra veicoli in marcia;Incrocio;Una carreggiata a doppio senso;Asciutto;Asfaltata;Verticale ed orizzontale;Sereno;Normale;Buona;Ore Diurne;0;1;0;1;12.47412;41.94988;-1;1;Autovettura privata;In marcia / fermata / arresto;Conducente;M;Illeso;0;;;