Protocollo;Gruppo;DataOraIncidente;Localizzazione1;STRADA1;Localizzazione2;STRADA2;Strada02;Chilometrica;DaSpecificare;NaturaIncidente;particolaritastrade;TipoStrada;FondoStradale;Pavimentazione;Segnaletica;CondizioneAtmosferica;Traffico;Visibilita;Illuminazione;NUM_FERITI;NUM_RISERVATA;NUM_MORTI;NUM_ILLESI;Longitudine;Latitudine;Confermato;Progressivo;TipoVeicolo;StatoVeicolo;TipoPersona;Sesso;Tipolesione;Deceduto;DecedutoDopo;CinturaCascoUtilizzato;Airbag
2256810;4;19/01/2015 17:30;Statale entro l'abitato;VIA SALARIA;da specificare;;;;fronte SKY civ. 1107/1111;Infortunio per sola frenata improvvisa;Rettilineo;Due carreggiate;Asciutto;Asfaltata;Verticale ed orizzontale;Sereno;Intenso;Buona;Sufficiente;1;0;0;0;12.51691;41.99645;-1;1;Motociclo a solo;In marcia / fermata / arresto;Conducente;M;Rimandato;0;NON DECEDUTO;Non accertato;
2256833;4;20/01/2015 00:50;Strada Urbana;VIA MONTE TABURNO;all'intersezione con;VIA TONALE;VIA TONALE;;;Scontro laterale fra veicoli in marcia;Incrocio;Due carreggiate;Bagnato (pioggia);Asfaltata;Assente;Pioggia in atto;Scarso;Sufficiente;Sufficiente;0;0;0;3;12.53238;41.94933;-1;1;Autovettura privata;In marcia / fermata / arresto;Conducente;F;Illeso;0;;Non accertato;Inesploso
2256833;4;20/01/2015 00:50;Strada Urbana;VIA MONTE TABURNO;all'intersezione con;VIA TONALE;VIA TONALE;;;Scontro laterale fra veicoli in marcia;Incrocio;Due carreggiate;Bagnato (pioggia);Asfaltata;Assente;Pioggia in atto;Scarso;Sufficiente;Sufficiente;0;0;0;3;12.53238;41.94933;-1;2;Autovettura privata;In marcia / fermata / arresto;Conducente;F;Illeso;0;;Non accertato;Inesploso
2256833;4;20/01/2015 00:50;Strada Urbana;VIA MONTE TABURNO;all'intersezione con;VIA TONALE;VIA TONALE;;;Scontro laterale fra veicoli in marcia;Incrocio;Due carreggiate;Bagnato (pioggia);Asfaltata;Assente;Pioggia in atto;Scarso;Sufficiente;Sufficiente;0;0;0;3;12.53238;41.94933;-1;2;Autovettura privata;In marcia / fermata / arresto;Passeggero;F;Illeso;0;;Non accertato;Inesploso
2256854;4;19/01/2015 15:00;Strada Urbana;VIA ALBERTO LIONELLO;da specificare;;;;INTERNO PARCHEGGIO PORTA DI ROMA T9/T10;Scontro laterale fra veicoli in marcia;Rettilineo;Una carreggiata a doppio senso;Asciutto;Asfaltata;Assente;Sereno;Normale;Buona;Ore Diurne;1;0;0;2;12.54013;41.97115;-1;1;Autovettura privata;In marcia / fermata / arresto;Conducente;M;Illeso;0;;Non accertato;Inesploso
2256854;4;19/01/2015 15:00;Strada Urbana;VIA ALBERTO LIONELLO;da specificare;;;;INTERNO PARCHEGGIO PORTA DI ROMA T9/T10;Scontro laterale fra veicoli in marcia;Rettilineo;Una carreggiata a doppio senso;Asciutto;Asfaltata;Assente;Sereno;Normale;Buona;Ore Diurne;1;0;0;2;12.54013;41.97115;-1;2;Autovettura privata;In marcia / fermata / arresto;Conducente;M;Rimandato;0;NON DECEDUTO;Non accertato;Inesploso
2256854;4;19/01/2015 15:00;Strada Urbana;VIA ALBERTO LIONELLO;da specificare;;;;INTERNO PARCHEGGIO PORTA DI ROMA T9/T10;Scontro laterale fra veicoli in marcia;Rettilineo;Una carreggiata a doppio senso;Asciutto;Asfaltata;Assente;Sereno;Normale;Buona;Ore Diurne;1;0;0;2;12.54013;41.97115;-1;2;Autovettura privata;In marcia / fermata / arresto;Passeggero;M;Illeso;0;;Non accertato;Inesploso
2256857;1;18/01/2015 04:35;Strada Urbana;VIA ODOARDO BECCARI;all'intersezione con;VIA LUIGI RONCINOTTO;VIA LUIGI RONCINOTTO;;;Ribaltamento senza urto contro ostacolo fisso;Intersezione non regolata/non segnalata;Una carreggiata a doppio senso;Bagnato (umidità in atto);Asfaltata;Verticale ed orizzontale;Nuvoloso;Scarso;Buona;Sufficiente;1;0;0;0;12.49183;41.87233;-1;1;Autovettura privata;In marcia / fermata / arresto;Conducente;M;Rimandato;0;NON DECEDUTO;Non accertato;
2256867;1;17/01/2015 12:38;Strada Urbana;LUNGOTEVERE TESTACCIO;in prossimità;;del civico n.;9;;Scontro frontale/laterale DX fra veicoli in marcia;Rettilineo;Una carreggiata a doppio senso;Asciutto;Asfaltata;Verticale ed orizzontale;Nuvoloso;Normale;Buona;Ore Diurne;1;0;0;1;12.4749;41.88214;-1;1;Motociclo a solo;In marcia / fermata / arresto;Conducente;M;Rimandato;0;NON DECEDUTO;Non accertato;
2256867;1;17/01/2015 12:38;Strada Urbana;LUNGOTEVERE TESTACCIO;in prossimità;;del civico n.;9;;Scontro frontale/laterale DX fra veicoli in marcia;Rettilineo;Una carreggiata a doppio senso;Asciutto;Asfaltata;Verticale ed orizzontale;Nuvoloso;Normale;Buona;Ore Diurne;1;0;0;1;12.4749;41.88214;-1;2;Autovettura privata;In marcia / fermata / arresto;Conducente;M;Illeso;0;;Non accertato;
2256882;3;19/01/2015 14:50;Strada Urbana;VIA TIBURTINA;da specificare;;;;PROX INGRESSO VERANO PORTONACCIO;Scontro laterale fra veicoli in marcia;Rettilineo;Una carreggiata a senso unico di marcia;Asciutto;Asfaltata;Verticale ed orizzontale;Nuvoloso;Normale;Buona;Ore Diurne;0;0;0;2;12.53409;41.90567;-1;1;Autovettura privata;In marcia / fermata / arresto;Conducente;F;Illeso;0;;Non accertato;Inesploso
2256882;3;19/01/2015 14:50;Strada Urbana;VIA TIBURTINA;da specificare;;;;PROX INGRESSO VERANO PORTONACCIO;Scontro laterale fra veicoli in marcia;Rettilineo;Una carreggiata a senso unico di marcia;Asciutto;Asfaltata;Verticale ed orizzontale;Nuvoloso;Normale;Buona;Ore Diurne;0;0;0;2;12.53409;41.90567;-1;2;Autocarro inferiore 35 q.;In marcia / fermata / arresto;Conducente;M;Illeso;0;;Non accertato;Inesploso
2256883;1;20/01/2015 05:20;Strada Urbana;VIA DELL'AMBA ARADAM;all'intersezione semaforizzata con;VIA DEI VALERI;VIA DEI VALERI;;;Tamponamento;Intersezione semaforizzata;Una carreggiata a doppio senso;Bagnato (pioggia);Asfaltata;Verticale ed orizzontale;Pioggia in atto;Normale;Buona;Sufficiente;2;0;0;1;9.644;45.397;-1;1;Autovettura privata;In marcia / fermata / arresto;Conducente;M;Illeso;0;;Non accertato;
2256883;1;20/01/2015 05:20;Strada Urbana;VIA DELL'AMBA ARADAM;all'intersezione semaforizzata con;VIA DEI VALERI;VIA DEI VALERI;;;Tamponamento;Intersezione semaforizzata;Una carreggiata a doppio senso;Bagnato (pioggia);Asfaltata;Verticale ed orizzontale;Pioggia in atto;Normale;Buona;Sufficiente;2;0;0;1;9.644;45.397;-1;2;Autovettura di polizia;In marcia / fermata / arresto;Conducente;M;Rimandato;0;NON DECEDUTO;Non accertato;
2256883;1;20/01/2015 05:20;Strada Urbana;VIA DELL'AMBA ARADAM;all'intersezione semaforizzata con;VIA DEI VALERI;VIA DEI VALERI;;;Tamponamento;Intersezione semaforizzata;Una carreggiata a doppio senso;Bagnato (pioggia);Asfaltata;Verticale ed orizzontale;Pioggia in atto;Normale;Buona;Sufficiente;2;0;0;1;9.644;45.397;-1;2;Autovettura di polizia;In marcia / fermata / arresto;Passeggero;M;Rimandato;0;NON DECEDUTO;Non accertato;Inesploso
2256887;11;20/01/2015 10:00;Strada Urbana;VIA LAURENTINA;in prossimità;;del palo luce n.;96;;Ribaltamento senza urto contro ostacolo fisso;Rettilineo;Due carreggiate;Bagnato (pioggia);Asfaltata;Orizzontale;Nuvoloso;Normale;Buona;Ore Diurne;1;0;0;0;12.48057;41.83119;-1;1;Motociclo a solo;In marcia / fermata / arresto;Conducente;M;Rimandato;0;NON DECEDUTO;Non accertato;
2256888;3;19/01/2015 22:50;Strada Urbana;VIA DEI DURANTINI;all'intersezione con;VIA FILIPPO MEDA;VIA FILIPPO MEDA;;;Scontro frontale/laterale DX fra veicoli in marcia;Intersezione stradale segnalata;Una carreggiata a doppio senso;Bagnato (pioggia);Asfaltata;Verticale ed orizzontale;Pioggia in atto;Scarso;Sufficiente;Sufficiente;2;0;0;0;12.5419;41.91277;-1;1;Autovettura privata;In marcia / fermata / arresto;Conducente;F;Rimandato;0;NON DECEDUTO;Non accertato;Esploso
2256888;3;19/01/2015 22:50;Strada Urbana;VIA DEI DURANTINI;all'intersezione con;VIA FILIPPO MEDA;VIA FILIPPO MEDA;;;Scontro frontale/laterale DX fra veicoli in marcia;Intersezione stradale segnalata;Una carreggiata a doppio senso;Bagnato (pioggia);Asfaltata;Verticale ed orizzontale;Pioggia in atto;Scarso;Sufficiente;Sufficiente;2;0;0;0;12.5419;41.91277;-1;2;Autovettura privata;In marcia / fermata / arresto;Conducente;M;Rimandato;0;NON DECEDUTO;Non accertato;Inesistente
2256889;6;20/01/2015 11:20;Strada Urbana;LARGO NICOLO' DE' LAPI;da specificare;;;;fronte civico 1;Scontro frontale/laterale DX fra veicoli in marcia;Rettilineo;Una carreggiata a doppio senso;Bagnato (pioggia);Asfaltata;Assente;Pioggia in atto;Scarso;Buona;Ore Diurne;0;0;0;2;12.49637;41.90278;-1;1;Autovettura privata;In marcia / fermata / arresto;Conducente;M;Illeso;0;;Non accertato;Inesploso
2256889;6;20/01/2015 11:20;Strada Urbana;LARGO NICOLO' DE' LAPI;da specificare;;;;fronte civico 1;Scontro frontale/laterale DX fra veicoli in marcia;Rettilineo;Una carreggiata a doppio senso;Bagnato (pioggia);Asfaltata;Assente;Pioggia in atto;Scarso;Buona;Ore Diurne;0;0;0;2;12.49637;41.90278;-1;2;Autovettura privata;In marcia / fermata / arresto;Conducente;M;Illeso;0;;Non accertato;Inesploso
2256912;3;20/01/2015 03:30;Strada Urbana;CIRCONVALLAZIONE TIBURTINA;da specificare;;;;prossimità civico 4 direzione A24;Veicolo in marcia contro ostacolo fisso;Curva senza visuale libera;Una carreggiata a senso unico di marcia;Bagnato (pioggia);Asfaltata;Verticale ed orizzontale;Pioggia in atto;Scarso;Sufficiente;Sufficiente;2;0;0;0;12.51929;41.89635;-1;1;Autovettura privata;In marcia / fermata / arresto;Conducente;M;Rifiuta cure immediate;0;NON DECEDUTO;Non accertato;Inesploso
2256912;3;20/01/2015 03:30;Strada Urbana;CIRCONVALLAZIONE TIBURTINA;da specificare;;;;prossimità civico 4 direzione A24;Veicolo in marcia contro ostacolo fisso;Curva senza visuale libera;Una carreggiata a senso unico di marcia;Bagnato (pioggia);Asfaltata;Verticale ed orizzontale;Pioggia in atto;Scarso;Sufficiente;Sufficiente;2;0;0;0;12.51929;41.89635;-1;1;Autovettura privata;In marcia / fermata / arresto;Passeggero;F;Rimandato;0;NON DECEDUTO;Non accertato;Inesploso
2256928;20;19/01/2015 13:00;Strada Urbana;VIA DI S. CORNELIA;in prossimità;;del civico n.;258;;Scontro frontale/laterale DX fra veicoli in marcia;Rettilineo;Una carreggiata a doppio senso;Asciutto;Asfaltata;Orizzontale;Sereno;Scarso;Buona;Ore Diurne;0;0;0;3;12.4529;42.0261;-1;1;Autovettura privata;In marcia / fermata / arresto;Conducente;M;Illeso;0;;Non accertato;
2256928;20;19/01/2015 13:00;Strada Urbana;VIA DI S. CORNELIA;in prossimità;;del civico n.;258;;Scontro frontale/laterale DX fra veicoli in marcia;Rettilineo;Una carreggiata a doppio senso;Asciutto;Asfaltata;Orizzontale;Sereno;Scarso;Buona;Ore Diurne;0;0;0;3;12.4529;42.0261;-1;2;Autovettura privata;In marcia / fermata / arresto;Conducente;M;Illeso;0;;Non accertato;
2256928;20;19/01/2015 13:00;Strada Urbana;VIA DI S. CORNELIA;in prossimità;;del civico n.;258;;Scontro frontale/laterale DX fra veicoli in marcia;Rettilineo;Una carreggiata a doppio senso;Asciutto;Asfaltata;Orizzontale;Sereno;Scarso;Buona;Ore Diurne;0;0;0;3;12.4529;42.0261;-1;2;Autovettura privata;In marcia / fermata / arresto;Passeggero;F;Illeso;0;;Non accertato;
2256949;20;19/01/2015 08:30;Strada Urbana;VIA JONAS EDWARD SALK;da specificare;;;;sotto cavalcavia del G.R.A.;Tamponamento;Rettilineo;Una carreggiata a doppio senso;Asciutto;Asfaltata;Verticale ed orizzontale;Sereno;Intenso;Buona;Ore Diurne;0;0;0;2;12.48282;41.98761;-1;1;Autovettura privata;In marcia / fermata / arresto;Conducente;F;Illeso;0;;Non accertato;
2256949;20;19/01/2015 08:30;Strada Urbana;VIA JONAS EDWARD SALK;da specificare;;;;sotto cavalcavia del G.R.A.;Tamponamento;Rettilineo;Una carreggiata a doppio senso;Asciutto;Asfaltata;Verticale ed orizzontale;Sereno;Intenso;Buona;Ore Diurne;0;0;0;2;12.48282;41.98761;-1;2;Motociclo a solo;In marcia / fermata / arresto;Conducente;M;Illeso;0;;;
2256950;9;20/01/2015 10:10;Strada Urbana;VIA SIRIA;in prossimità;;del civico n.;7;;Scontro laterale fra veicoli in marcia;Rettilineo;Una carreggiata a doppio senso;Bagnato (pioggia);Asfaltata;Verticale ed orizzontale;Nuvoloso;Normale;Buona;Ore Diurne;0;0;0;2;12.51108;41.87512;-1;1;Autovettura privata;In marcia / fermata / arresto;Conducente;M;Illeso;0;;Utilizzato;Inesploso
2256950;9;20/01/2015 10:10;Strada Urbana;VIA SIRIA;in prossimità;;del civico n.;7;;Scontro laterale fra veicoli in marcia;Rettilineo;Una carreggiata a doppio senso;Bagnato (pioggia);Asfaltata;Verticale ed orizzontale;Nuvoloso;Normale;Buona;Ore Diurne;0;0;0;2;12.51108;41.87512;-1;2;Autovettura privata;In marcia / fermata / arresto;Conducente;M;Illeso;0;;Utilizzato;Inesploso
2256967;11;20/01/2015 11:20;Strada Urbana;VIALE GUGLIELMO MARCONI;all'intersezione con;VIA DEI CADUTI SENZA CROCE;VIA DEI CADUTI SENZA CROCE;;;Tamponamento;Intersezione stradale segnalata;Due carreggiate;Bagnato (pioggia);Asfaltata;Verticale ed orizzontale;Nuvoloso;Normale;Buona;Ore Diurne;1;0;0;1;12.47406;41.85079;-1;1;Motociclo a solo;In marcia / fermata / arresto;Conducente;M;Rimandato;0;NON DECEDUTO;Non accertato;
2256967;11;20/01/2015 11:20;Strada Urbana;VIALE GUGLIELMO MARCONI;all'intersezione con;VIA DEI CADUTI SENZA CROCE;VIA DEI CADUTI SENZA CROCE;;;Tamponamento;Intersezione stradale segnalata;Due carreggiate;Bagnato (pioggia);Asfaltata;Verticale ed orizzontale;Nuvoloso;Normale;Buona;Ore Diurne;1;0;0;1;12.47406;41.85079;-1;2;Autovettura privata;In marcia / fermata / arresto;Conducente;M;Illeso;0;;Non accertato;Inesploso
2256994;20;17/01/2015 23:45;Strada Urbana;VIA DEGLI ORTI DELLA FARNESINA;all'intersezione con;VIA FRANCESCO SAVERIO GRAZIOLI;VIA FRANCESCO SAVERIO GRAZIOLI;;;Scontro frontale/laterale SX fra veicoli in marcia;Incrocio;Una carreggiata a senso unico di marcia;Asciutto;Asfaltata;Verticale ed orizzontale;Nuvoloso;Scarso;Buona;Sufficiente;0;0;0;4;12.46215;41.94238;-1;1;Autovettura privata;In marcia / fermata / arresto;Conducente;F;Illeso;0;;Utilizzato;Inesploso
2256994;20;17/01/2015 23:45;Strada Urbana;VIA DEGLI ORTI DELLA FARNESINA;all'intersezione con;VIA FRANCESCO SAVERIO GRAZIOLI;VIA FRANCESCO SAVERIO GRAZIOLI;;;Scontro frontale/laterale SX fra veicoli in marcia;Incrocio;Una carreggiata a senso unico di marcia;Asciutto;Asfaltata;Verticale ed orizzontale;Nuvoloso;Scarso;Buona;Sufficiente;0;0;0;4;12.46215;41.94238;-1;1;Autovettura privata;In marcia / fermata / arresto;Passeggero;F;Illeso;0;;Non accertato;
2256994;20;17/01/2015 23:45;Strada Urbana;VIA DEGLI ORTI DELLA FARNESINA;all'intersezione con;VIA FRANCESCO SAVERIO GRAZIOLI;VIA FRANCESCO SAVERIO GRAZIOLI;;;Scontro frontale/laterale SX fra veicoli in marcia;Incrocio;Una carreggiata a senso unico di marcia;Asciutto;Asfaltata;Verticale ed orizzontale;Nuvoloso;Scarso;Buona;Sufficiente;0;0;0;4;12.46215;41.94238;-1;2;Autovettura privata;In marcia / fermata / arresto;Conducente;M;Illeso;0;;;
2256994;20;17/01/2015 23:45;Strada Urbana;VIA DEGLI ORTI DELLA FARNESINA;all'intersezione con;VIA FRANCESCO SAVERIO GRAZIOLI;VIA FRANCESCO SAVERIO GRAZIOLI;;;Scontro frontale/laterale SX fra veicoli in marcia;Incrocio;Una carreggiata a senso unico di marcia;Asciutto;Asfaltata;Verticale ed orizzontale;Nuvoloso;Scarso;Buona;Sufficiente;0;0;0;4;12.46215;41.94238;-1;2;Autovettura privata;In marcia / fermata / arresto;Passeggero;F;Illeso;0;;Non accertato;
2257038;12;19/01/2015 07:45;Strada Urbana;VIA DI TRIGORIA;in prossimità;;del civico n.;146/P;;Tamponamento;Rettilineo;Una carreggiata a doppio senso;Asciutto;Asfaltata;Verticale ed orizzontale;Sereno;Normale;Buona;Ore Diurne;0;0;0;2;12.4763;41.75884;-1;1;Autovettura privata;In marcia / fermata / arresto;Conducente;F;Illeso;0;;Utilizzato;Inesploso
2257038;12;19/01/2015 07:45;Strada Urbana;VIA DI TRIGORIA;in prossimità;;del civico n.;146/P;;Tamponamento;Rettilineo;Una carreggiata a doppio senso;Asciutto;Asfaltata;Verticale ed orizzontale;Sereno;Normale;Buona;Ore Diurne;0;0;0;2;12.4763;41.75884;-1;2;Autovettura privata;In marcia / fermata / arresto;Conducente;F;Illeso;0;;Utilizzato;Inesploso
2257040;12;19/01/2015 08:30;Strada Urbana;VIA LAURENTINA;in prossimità;;del civico n.;536;;Investimento di pedone;Pendenza;Due carreggiate;Asciutto;Asfaltata;Verticale ed orizzontale;Sereno;Normale;Buona;Ore Diurne;1;0;0;1;12.47852;41.82698;-1;;;;Pedone;F;Ricoverato;0;NON DECEDUTO;;
2257040;12;19/01/2015 08:30;Strada Urbana;VIA LAURENTINA;in prossimità;;del civico n.;536;;Investimento di pedone;Pendenza;Due carreggiate;Asciutto;Asfaltata;Verticale ed orizzontale;Sereno;Normale;Buona;Ore Diurne;1;0;0;1;12.47852;41.82698;-1;1;Motociclo a solo;In marcia / fermata / arresto;Conducente;M;Illeso;0;;Non accertato;
2257041;12;19/01/2015 08:30;Strada Urbana;VIA DELL'ORSA MINORE;in prossimità;;del civico n.;40/42;;Veicolo in marcia contro veicolo in sosta;Rettilineo;Più di due carreggiate;Asciutto;Asfaltata;Verticale ed orizzontale;Sereno;Scarso;Buona;Ore Diurne;0;0;0;2;12.4462;41.81269;-1;2;Autovettura privata;In marcia / fermata / arresto;Conducente;F;Illeso;0;;Utilizzato;Inesploso
2257041;12;19/01/2015 08:30;Strada Urbana;VIA DELL'ORSA MINORE;in prossimità;;del civico n.;40/42;;Veicolo in marcia contro veicolo in sosta;Rettilineo;Più di due carreggiate;Asciutto;Asfaltata;Verticale ed orizzontale;Sereno;Scarso;Buona;Ore Diurne;0;0;0;2;12.4462;41.81269;-1;2;Autovettura privata;In marcia / fermata / arresto;Passeggero;F;Illeso;0;;Utilizzato;Inesploso
2257043;12;19/01/2015 10:00;Provinciale;VIA DI PRATICA;in corrispondenza;;del civico n.;201;;Scontro frontale fra veicoli in marcia;Rettilineo;Una carreggiata a doppio senso;Asciutto;Asfaltata;Verticale ed orizzontale;Sereno;Normale;Buona;Ore Diurne;1;0;0;1;12.43286;41.70083;-1;1;Autovettura privata;In marcia / fermata / arresto;Conducente;M;Illeso;0;;Utilizzato;Esploso
2257043;12;19/01/2015 10:00;Provinciale;VIA DI PRATICA;in corrispondenza;;del civico n.;201;;Scontro frontale fra veicoli in marcia;Rettilineo;Una carreggiata a doppio senso;Asciutto;Asfaltata;Verticale ed orizzontale;Sereno;Normale;Buona;Ore Diurne;1;0;0;1;12.43286;41.70083;-1;2;Autovettura privata;In marcia / fermata / arresto;Conducente;M;Rimandato;0;NON DECEDUTO;Utilizzato;Inesploso
2257058;2;20/01/2015 12:48;Strada Urbana;VIA ANTONIO BERTOLONI;in prossimità;;del civico n.;8;;Scontro frontale/laterale DX fra veicoli in marcia;Rettilineo;Una carreggiata a doppio senso;Bagnato (pioggia);Asfaltata;Verticale ed orizzontale;Nuvoloso;Normale;Buona;Ore Diurne;0;0;0;3;12.49142;41.92137;-1;1;Autovettura privata;In marcia / fermata / arresto;Conducente;M;Illeso;0;;Non accertato;Inesploso
2257058;2;20/01/2015 12:48;Strada Urbana;VIA ANTONIO BERTOLONI;in prossimità;;del civico n.;8;;Scontro frontale/laterale DX fra veicoli in marcia;Rettilineo;Una carreggiata a doppio senso;Bagnato (pioggia);Asfaltata;Verticale ed orizzontale;Nuvoloso;Normale;Buona;Ore Diurne;0;0;0;3;12.49142;41.92137;-1;1;Autovettura privata;In marcia / fermata / arresto;Passeggero;M;Illeso;0;;Non accertato;Inesploso
2257058;2;20/01/2015 12:48;Strada Urbana;VIA ANTONIO BERTOLONI;in prossimità;;del civico n.;8;;Scontro frontale/laterale DX fra veicoli in marcia;Rettilineo;Una carreggiata a doppio senso;Bagnato (pioggia);Asfaltata;Verticale ed orizzontale;Nuvoloso;Normale;Buona;Ore Diurne;0;0;0;3;12.49142;41.92137;-1;2;Autovettura privata;In marcia / fermata / arresto;Conducente;M;Illeso;0;;Non accertato;Inesploso
2257084;20;20/01/2015 14:20;Strada Urbana;VIADOTTO GIUBILEO DEL 2000;da specificare;;;;prossimità rampa GRA corsia esterna;Scontro laterale fra veicoli in marcia;Curva a visuale libera;Due carreggiate;Bagnato (pioggia);Asfaltata;Verticale ed orizzontale;Pioggia in atto;Normale;Buona;Ore Diurne;0;0;0;4;12.49528;41.98903;-1;1;Autovettura privata;In marcia / fermata / arresto;Conducente;M;Illeso;0;;Non accertato;Inesploso
2257084;20;20/01/2015 14:20;Strada Urbana;VIADOTTO GIUBILEO DEL 2000;da specificare;;;;prossimità rampa GRA corsia esterna;Scontro laterale fra veicoli in marcia;Curva a visuale libera;Due carreggiate;Bagnato (pioggia);Asfaltata;Verticale ed orizzontale;Pioggia in atto;Normale;Buona;Ore Diurne;0;0;0;4;12.49528;41.98903;-1;1;Autovettura privata;In marcia / fermata / arresto;Passeggero;M;Illeso;0;;Non accertato;Inesistente
2257084;20;20/01/2015 14:20;Strada Urbana;VIADOTTO GIUBILEO DEL 2000;da specificare;;;;prossimità rampa GRA corsia esterna;Scontro laterale fra veicoli in marcia;Curva a visuale libera;Due carreggiate;Bagnato (pioggia);Asfaltata;Verticale ed orizzontale;Pioggia in atto;Normale;Buona;Ore Diurne;0;0;0;4;12.49528;41.98903;-1;1;Autovettura privata;In marcia / fermata / arresto;Passeggero;F;Illeso;0;;Non accertato;Inesploso
2257084;20;20/01/2015 14:20;Strada Urbana;VIADOTTO GIUBILEO DEL 2000;da specificare;;;;prossimità rampa GRA corsia esterna;Scontro laterale fra veicoli in marcia;Curva a visuale libera;Due carreggiate;Bagnato (pioggia);Asfaltata;Verticale ed orizzontale;Pioggia in atto;Normale;Buona;Ore Diurne;0;0;0;4;12.49528;41.98903;-1;2;Autovettura privata;In marcia / fermata / arresto;Conducente;M;Illeso;0;;Non accertato;Inesploso
2257085;1;17/01/2015 10:05;Strada Urbana;PIAZZA DEI MERCANTI;in prossimità;;del civico n.;3A;;Veicolo in marcia contro veicolo in sosta;Rettilineo;Una carreggiata a senso unico di marcia;Asciutto;In cubetti di porfido;Assente;Nuvoloso;Scarso;Buona;Ore Diurne;0;0;0;1;12.47713;41.88672;-1;2;Autovettura privata;In marcia / fermata / arresto;Conducente;M;Illeso;0;;;
2257092;13;20/01/2015 07:15;Strada Urbana;VIA DI SAPONARA;all'intersezione con;VIALE ENRICO ORTOLANI;VIALE ENRICO ORTOLANI;;;Scontro frontale/laterale DX fra veicoli in marcia;Incrocio;Una carreggiata a doppio senso;Bagnato (pioggia);Asfaltata;Verticale ed orizzontale;Pioggia in atto;Intenso;Buona;Ore Diurne;2;0;0;0;12.34078;41.77256;-1;1;Autovettura privata;In marcia / fermata / arresto;Conducente;F;Rimandato;0;NON DECEDUTO;;
2257092;13;20/01/2015 07:15;Strada Urbana;VIA DI SAPONARA;all'intersezione con;VIALE ENRICO ORTOLANI;VIALE ENRICO ORTOLANI;;;Scontro frontale/laterale DX fra veicoli in marcia;Incrocio;Una carreggiata a doppio senso;Bagnato (pioggia);Asfaltata;Verticale ed orizzontale;Pioggia in atto;Intenso;Buona;Ore Diurne;2;0;0;0;12.34078;41.77256;-1;2;Autovettura privata;In marcia / fermata / arresto;Conducente;M;Rimandato;0;NON DECEDUTO;;
2257118;1;20/01/2015 06:15;Strada Urbana;PIAZZALE OSTIENSE;all'intersezione semaforizzata con;VIA OSTIENSE;VIA OSTIENSE;;;Veicolo in marcia contro ostacolo fisso;Intersezione semaforizzata;Più di due carreggiate;Bagnato (pioggia);Asfaltata;Verticale ed orizzontale;Pioggia in atto;Normale;Buona;Sufficiente;1;0;0;0;12.48083;41.87552;-1;1;Autovettura privata;In marcia / fermata / arresto;Conducente;M;Rimandato;0;NON DECEDUTO;Non accertato;
2257135;1;17/01/2015 11:30;Strada Urbana;VIALE ADAMO MICKIEVICZ;all'intersezione con;VIALE GABRIELE D'ANNUNZIO;VIALE GABRIELE D'ANNUNZIO;;;Veicolo in marcia contro ostacolo fisso;Incrocio;Una carreggiata a doppio senso;Asciutto;Asfaltata;Verticale ed orizzontale;Sereno;Normale;Buona;Ore Diurne;0;0;0;1;12.47801;41.91067;-1;1;Veicolo speciale;In marcia / fermata / arresto;Conducente;M;Illeso;0;;Non accertato;
2257137;10;20/01/2015 15:20;Strada Urbana;VIA TUSCOLANA;da specificare;;;;inversione di marcia GRA dir. Roma;Ribaltamento senza urto contro ostacolo fisso;Curva a visuale libera;Una carreggiata a senso unico di marcia;Bagnato (pioggia);Asfaltata;Verticale ed orizzontale;Pioggia in atto;Intenso;Buona;Ore Diurne;1;0;0;0;12.59216;41.83946;-1;1;Motociclo a solo;In marcia / fermata / arresto;Conducente;M;Ricoverato;0;NON DECEDUTO;Non utilizzato;
2257165;1;19/01/2015 08:43;Strada Urbana;VIA DELLE TERME DI DIOCLEZIANO;in corrispondenza;;del civico n.;33;;Veicolo in marcia contro ostacolo accidentale;Rettilineo;Una carreggiata a senso unico di marcia;Asciutto;Acciotolata;Verticale;Sereno;Normale;Buona;Ore Diurne;0;0;0;1;12.4971;41.90181;-1;1;Autovettura pubblica;In marcia / fermata / arresto;Conducente;M;Illeso;0;;Non accertato;Inesploso
2257172;19;20/01/2015 14:25;Strada Urbana;VIA CARLO LIVI;all'intersezione con;VIA EZIO SCIAMANNA;VIA EZIO SCIAMANNA;;;Scontro frontale/laterale DX fra veicoli in marcia;Incrocio;Una carreggiata a senso unico di marcia;Bagnato (pioggia);Asfaltata;Verticale ed orizzontale;Pioggia in atto;Normale;Buona;Ore Diurne;0;0;0;2;12.41953;41.93517;-1;1;Autovettura privata;In marcia / fermata / arresto;Conducente;M;Illeso;0;;Non accertato;Inesploso
2257172;19;20/01/2015 14:25;Strada Urbana;VIA CARLO LIVI;all'intersezione con;VIA EZIO SCIAMANNA;VIA EZIO SCIAMANNA;;;Scontro frontale/laterale DX fra veicoli in marcia;Incrocio;Una carreggiata a senso unico di marcia;Bagnato (pioggia);Asfaltata;Verticale ed orizzontale;Pioggia in atto;Normale;Buona;Ore Diurne;0;0;0;2;12.41953;41.93517;-1;2;Motociclo a solo;In marcia / fermata / arresto;Conducente;M;Illeso;0;;Non accertato;