Protocollo;Gruppo;DataOraIncidente;Localizzazione1;STRADA1;Localizzazione2;STRADA2;Strada02;Chilometrica;DaSpecificare;NaturaIncidente;particolaritastrade;TipoStrada;FondoStradale;Pavimentazione;Segnaletica;CondizioneAtmosferica;Traffico;Visibilita;Illuminazione;NUM_FERITI;NUM_RISERVATA;NUM_MORTI;NUM_ILLESI;Longitudine;Latitudine;Confermato;Progressivo;TipoVeicolo;StatoVeicolo;TipoPersona;Sesso;Tipolesione;Deceduto;DecedutoDopo;CinturaCascoUtilizzato;Airbag
2268890;5;30/01/2015 14:10;Strada Urbana;VIA DI MARCO SIMONE;da specificare;;;;prossimità Via Valle dell'Aniene;Veicolo in marcia contro ostacolo accidentale;Rettilineo;Una carreggiata a doppio senso;Bagnato (pioggia);Asfaltata;Verticale ed orizzontale;Pioggia in atto;Normale;Sufficiente;Ore Diurne;0;0;0;2;12.64311;41.95429;-1;1;Autovettura privata;In marcia / fermata / arresto;Passeggero;F;Illeso;0;;Non accertato;
2268894;5;31/01/2015 07:50;Strada Urbana;VIA DI PORTONACCIO;in prossimità;;del civico n.;33;;Investimento di pedone;Curva a visuale libera;Due carreggiate;Bagnato (pioggia);Asfaltata;Verticale ed orizzontale;Pioggia in atto;Scarso;Buona;Ore Diurne;1;0;0;1;12.53655;41.90356;-1;;;;Pedone;F;Rimandato;0;NON DECEDUTO;;
2268894;5;31/01/2015 07:50;Strada Urbana;VIA DI PORTONACCIO;in prossimità;;del civico n.;33;;Investimento di pedone;Curva a visuale libera;Due carreggiate;Bagnato (pioggia);Asfaltata;Verticale ed orizzontale;Pioggia in atto;Scarso;Buona;Ore Diurne;1;0;0;1;12.53655;41.90356;-1;1;Motociclo con passeggero;In marcia / fermata / arresto;Conducente;M;Illeso;0;;Non accertato;
2268897;18;27/01/2015 23:40;Strada Urbana;VIA MATTIA BATTISTINI;all'intersezione semaforizzata con;VIA DI BOCCEA;VIA DI BOCCEA;;;Scontro frontale/laterale SX fra veicoli in marcia;Intersezione semaforizzata;Due carreggiate;Asciutto;Asfaltata;Verticale ed orizzontale;Sereno;Scarso;Buona;Sufficiente;0;0;0;3;12.41019;41.9045;-1;1;Autovettura privata;In marcia / fermata / arresto;Conducente;M;Illeso;0;;Non accertato;Inesploso
2268897;18;27/01/2015 23:40;Strada Urbana;VIA MATTIA BATTISTINI;all'intersezione semaforizzata con;VIA DI BOCCEA;VIA DI BOCCEA;;;Scontro frontale/laterale SX fra veicoli in marcia;Intersezione semaforizzata;Due carreggiate;Asciutto;Asfaltata;Verticale ed orizzontale;Sereno;Scarso;Buona;Sufficiente;0;0;0;3;12.41019;41.9045;-1;2;Autovettura privata;In marcia / fermata / arresto;Conducente;M;Illeso;0;;Non accertato;Inesploso
2268897;18;27/01/2015 23:40;Strada Urbana;VIA MATTIA BATTISTINI;all'intersezione semaforizzata con;VIA DI BOCCEA;VIA DI BOCCEA;;;Scontro frontale/laterale SX fra veicoli in marcia;Intersezione semaforizzata;Due carreggiate;Asciutto;Asfaltata;Verticale ed orizzontale;Sereno;Scarso;Buona;Sufficiente;0;0;0;3;12.41019;41.9045;-1;3;Autovettura privata;In marcia / fermata / arresto;Conducente;M;Illeso;0;;Non accertato;Inesploso
2268900;5;30/01/2015 15:00;Strada Urbana;VIA DI MARCO SIMONE;da specificare;;;;prossimità Via Valle dell'Aniene;Veicolo in marcia contro ostacolo accidentale;Rettilineo;Una carreggiata a doppio senso;Bagnato (pioggia);Asfaltata;Verticale ed orizzontale;Pioggia in atto;Normale;Sufficiente;Ore Diurne;0;0;0;1;12.64313;41.9543;-1;1;Autovettura privata;In marcia / fermata / arresto;Conducente;M;Illeso;0;;Non accertato;
2268901;5;31/01/2015 08:30;Strada Urbana;VIA FILIPPO FIORENTINI;da specificare;;;;prossimita' via Zincone;Tamponamento;Rettilineo;Due carreggiate;Bagnato (pioggia);Asfaltata;Verticale ed orizzontale;Nuvoloso;Normale;Buona;Ore Diurne;0;0;0;2;12.55585;41.90876;-1;1;Autovettura privata;In marcia / fermata / arresto;Conducente;M;Illeso;0;;Non accertato;Inesploso
2268901;5;31/01/2015 08:30;Strada Urbana;VIA FILIPPO FIORENTINI;da specificare;;;;prossimita' via Zincone;Tamponamento;Rettilineo;Due carreggiate;Bagnato (pioggia);Asfaltata;Verticale ed orizzontale;Nuvoloso;Normale;Buona;Ore Diurne;0;0;0;2;12.55585;41.90876;-1;2;Motociclo a solo;In marcia / fermata / arresto;Conducente;M;Illeso;0;;Non accertato;
2268902;17;31/01/2015 13:40;Strada Urbana;VIALE ANGELICO;all'intersezione semaforizzata con;VIA DURAZZO;VIA DURAZZO;;;Scontro frontale/laterale DX fra veicoli in marcia;Intersezione semaforizzata;Più di due carreggiate;Asciutto;Asfaltata;Verticale ed orizzontale;Nuvoloso;Normale;Buona;Ore Diurne;1;0;0;3;12.45852;41.91733;-1;1;Autovettura privata;In marcia / fermata / arresto;Conducente;M;Illeso;0;;Non accertato;Inesploso
2268902;17;31/01/2015 13:40;Strada Urbana;VIALE ANGELICO;all'intersezione semaforizzata con;VIA DURAZZO;VIA DURAZZO;;;Scontro frontale/laterale DX fra veicoli in marcia;Intersezione semaforizzata;Più di due carreggiate;Asciutto;Asfaltata;Verticale ed orizzontale;Nuvoloso;Normale;Buona;Ore Diurne;1;0;0;3;12.45852;41.91733;-1;1;Autovettura privata;In marcia / fermata / arresto;Passeggero;F;Illeso;0;;Non accertato;Inesploso
2268902;17;31/01/2015 13:40;Strada Urbana;VIALE ANGELICO;all'intersezione semaforizzata con;VIA DURAZZO;VIA DURAZZO;;;Scontro frontale/laterale DX fra veicoli in marcia;Intersezione semaforizzata;Più di due carreggiate;Asciutto;Asfaltata;Verticale ed orizzontale;Nuvoloso;Normale;Buona;Ore Diurne;1;0;0;3;12.45852;41.91733;-1;2;Motociclo con passeggero;In marcia / fermata / arresto;Conducente;F;Rimandato;0;NON DECEDUTO;Non accertato;
2268902;17;31/01/2015 13:40;Strada Urbana;VIALE ANGELICO;all'intersezione semaforizzata con;VIA DURAZZO;VIA DURAZZO;;;Scontro frontale/laterale DX fra veicoli in marcia;Intersezione semaforizzata;Più di due carreggiate;Asciutto;Asfaltata;Verticale ed orizzontale;Nuvoloso;Normale;Buona;Ore Diurne;1;0;0;3;12.45852;41.91733;-1;2;Motociclo con passeggero;In marcia / fermata / arresto;Passeggero;F;Illeso;0;;Non accertato;
2268905;5;30/01/2015 16:05;Strada Urbana;VIA DI MARCO SIMONE;da specificare;;;;pross. Via Valle dell'Aniene;Veicolo in marcia contro ostacolo accidentale;Rettilineo;Una carreggiata a doppio senso;Bagnato (pioggia);Asfaltata;Verticale ed orizzontale;Pioggia in atto;Normale;Sufficiente;Ore Diurne;0;0;0;1;12.64313;41.95428;-1;1;Autovettura privata;In marcia / fermata / arresto;Conducente;F;Illeso;0;;Non accertato;
2268906;5;31/01/2015 11:35;Strada Urbana;VIA DI PORTONACCIO;in corrispondenza;;del civico n.;140;;Scontro laterale fra veicoli in marcia;Rettilineo;Due carreggiate;Bagnato (pioggia);Asfaltata;Verticale ed orizzontale;Nuvoloso;Normale;Buona;Ore Diurne;0;0;0;5;12.53777;41.89899;-1;1;Autovettura privata;In marcia / fermata / arresto;Conducente;M;Illeso;0;;Non accertato;Inesploso
2268906;5;31/01/2015 11:35;Strada Urbana;VIA DI PORTONACCIO;in corrispondenza;;del civico n.;140;;Scontro laterale fra veicoli in marcia;Rettilineo;Due carreggiate;Bagnato (pioggia);Asfaltata;Verticale ed orizzontale;Nuvoloso;Normale;Buona;Ore Diurne;0;0;0;5;12.53777;41.89899;-1;1;Autovettura privata;In marcia / fermata / arresto;Passeggero;M;Illeso;0;;Non accertato;Inesploso
2268906;5;31/01/2015 11:35;Strada Urbana;VIA DI PORTONACCIO;in corrispondenza;;del civico n.;140;;Scontro laterale fra veicoli in marcia;Rettilineo;Due carreggiate;Bagnato (pioggia);Asfaltata;Verticale ed orizzontale;Nuvoloso;Normale;Buona;Ore Diurne;0;0;0;5;12.53777;41.89899;-1;1;Autovettura privata;In marcia / fermata / arresto;Passeggero;F;Illeso;0;;Non accertato;Inesploso
2268906;5;31/01/2015 11:35;Strada Urbana;VIA DI PORTONACCIO;in corrispondenza;;del civico n.;140;;Scontro laterale fra veicoli in marcia;Rettilineo;Due carreggiate;Bagnato (pioggia);Asfaltata;Verticale ed orizzontale;Nuvoloso;Normale;Buona;Ore Diurne;0;0;0;5;12.53777;41.89899;-1;2;Autovettura privata;In marcia / fermata / arresto;Conducente;M;Illeso;0;;Non accertato;Inesploso
2268906;5;31/01/2015 11:35;Strada Urbana;VIA DI PORTONACCIO;in corrispondenza;;del civico n.;140;;Scontro laterale fra veicoli in marcia;Rettilineo;Due carreggiate;Bagnato (pioggia);Asfaltata;Verticale ed orizzontale;Nuvoloso;Normale;Buona;Ore Diurne;0;0;0;5;12.53777;41.89899;-1;2;Autovettura privata;In marcia / fermata / arresto;Passeggero;F;Illeso;0;;Non accertato;Inesploso
2268909;5;31/01/2015 13:15;Strada Urbana;VIALE KANT;da specificare;;;;prossimità Viale Marx;Infortunio per sola frenata improvvisa;Rettilineo;Due carreggiate;Bagnato (umidità in atto);Asfaltata;Verticale ed orizzontale;Nuvoloso;Normale;Buona;Ore Diurne;1;0;0;0;12.55401;41.9355;-1;1;Ciclomotore;In marcia / fermata / arresto;Conducente;M;Rimandato;0;NON DECEDUTO;Non accertato;
2268912;5;30/01/2015 13:00;Strada Urbana;VIA DI PORTONACCIO;in prossimità;;del civico n.;162;;Scontro laterale fra veicoli in marcia;Rettilineo;Due carreggiate;Asciutto;Asfaltata;Orizzontale;Nuvoloso;Scarso;Buona;Ore Diurne;0;0;0;2;12.53848;41.89847;-1;1;Autovettura privata;In marcia / fermata / arresto;Conducente;M;Illeso;0;;Non accertato;
2268912;5;30/01/2015 13:00;Strada Urbana;VIA DI PORTONACCIO;in prossimità;;del civico n.;162;;Scontro laterale fra veicoli in marcia;Rettilineo;Due carreggiate;Asciutto;Asfaltata;Orizzontale;Nuvoloso;Scarso;Buona;Ore Diurne;0;0;0;2;12.53848;41.89847;-1;1;Autovettura privata;In marcia / fermata / arresto;Passeggero;F;Illeso;0;;Non accertato;Inesploso
2268915;13;31/01/2015 10:00;Strada Urbana;VIA CARLO ALBIZZATI;all'intersezione con;VIA CALVIGNANO;VIA CALVIGNANO;;;Scontro frontale/laterale SX fra veicoli in marcia;Incrocio;Una carreggiata a senso unico di marcia;Bagnato (pioggia);Asfaltata;Verticale;Nuvoloso;Normale;Buona;Ore Diurne;2;0;0;1;12.33232;41.78039;-1;1;Autovettura privata;In marcia / fermata / arresto;Conducente;M;Illeso;0;;Non accertato;Esploso
2268915;13;31/01/2015 10:00;Strada Urbana;VIA CARLO ALBIZZATI;all'intersezione con;VIA CALVIGNANO;VIA CALVIGNANO;;;Scontro frontale/laterale SX fra veicoli in marcia;Incrocio;Una carreggiata a senso unico di marcia;Bagnato (pioggia);Asfaltata;Verticale;Nuvoloso;Normale;Buona;Ore Diurne;2;0;0;1;12.33232;41.78039;-1;1;Autovettura privata;In marcia / fermata / arresto;Passeggero;F;Rimandato;0;NON DECEDUTO;Non accertato;Esploso
2268915;13;31/01/2015 10:00;Strada Urbana;VIA CARLO ALBIZZATI;all'intersezione con;VIA CALVIGNANO;VIA CALVIGNANO;;;Scontro frontale/laterale SX fra veicoli in marcia;Incrocio;Una carreggiata a senso unico di marcia;Bagnato (pioggia);Asfaltata;Verticale;Nuvoloso;Normale;Buona;Ore Diurne;2;0;0;1;12.33232;41.78039;-1;2;Autovettura privata;In marcia / fermata / arresto;Conducente;F;Rimandato;0;NON DECEDUTO;Non accertato;Inesploso
2268916;5;31/01/2015 14:25;Strada Urbana;VIALE DEL TECNOPOLO;in prossimità;;del civico n.;83;;Veicolo in marcia contro ostacolo fisso;Rettilineo;Due carreggiate;Asciutto;Asfaltata;Verticale ed orizzontale;Nuvoloso;Scarso;Buona;Ore Diurne;1;0;0;0;12.63756;41.93474;-1;1;Autovettura privata;In marcia / fermata / arresto;Conducente;F;Rimandato;0;NON DECEDUTO;Non accertato;Esploso
2268922;5;31/01/2015 18:10;Strada Urbana;VIA TIBURTINA;in prossimità;;del civico n.;631;;Investimento di pedone;Rettilineo;Due carreggiate;Bagnato (pioggia);Asfaltata;Orizzontale;Pioggia in atto;Normale;Sufficiente;Sufficiente;1;0;0;1;12.54653;41.90921;-1;;;;Pedone;F;Rimandato;0;NON DECEDUTO;;
2268922;5;31/01/2015 18:10;Strada Urbana;VIA TIBURTINA;in prossimità;;del civico n.;631;;Investimento di pedone;Rettilineo;Due carreggiate;Bagnato (pioggia);Asfaltata;Orizzontale;Pioggia in atto;Normale;Sufficiente;Sufficiente;1;0;0;1;12.54653;41.90921;-1;1;Autovettura privata;In marcia / fermata / arresto;Conducente;M;Illeso;0;;Non accertato;
2268954;4;29/01/2015 20:25;Provinciale entro l'abitato;VIA NOMENTANA;all'intersezione con;VIA VAL BREMBANA;VIA VAL BREMBANA;;;Infortunio per caduta del veicolo;Intersezione semaforizzata;Più di due carreggiate;Bagnato (pioggia);Asfaltata;Verticale ed orizzontale;Pioggia in atto;Normale;Sufficiente;Sufficiente;1;0;0;0;12.52718;41.93077;-1;1;Motociclo a solo;In marcia / fermata / arresto;Conducente;M;Rimandato;0;NON DECEDUTO;Non accertato;
2268956;13;31/01/2015 19:10;Strada Urbana;VIA DI MACCHIA PALOCCO;all'intersezione con;VIA DEL FOSSO DI DRAGONCELLO;VIA DEL FOSSO DI DRAGONCELLO;;;Scontro frontale/laterale SX fra veicoli in marcia;Incrocio;Una carreggiata a doppio senso;Asciutto;Asfaltata;Verticale ed orizzontale;Nuvoloso;Normale;Buona;Sufficiente;0;0;0;4;12.34158;41.76562;-1;1;Autovettura privata;In marcia / fermata / arresto;Conducente;F;Illeso;0;;Non accertato;Inesistente
2268956;13;31/01/2015 19:10;Strada Urbana;VIA DI MACCHIA PALOCCO;all'intersezione con;VIA DEL FOSSO DI DRAGONCELLO;VIA DEL FOSSO DI DRAGONCELLO;;;Scontro frontale/laterale SX fra veicoli in marcia;Incrocio;Una carreggiata a doppio senso;Asciutto;Asfaltata;Verticale ed orizzontale;Nuvoloso;Normale;Buona;Sufficiente;0;0;0;4;12.34158;41.76562;-1;2;Autovettura privata;In marcia / fermata / arresto;Conducente;F;Illeso;0;;Non accertato;Inesploso
2268956;13;31/01/2015 19:10;Strada Urbana;VIA DI MACCHIA PALOCCO;all'intersezione con;VIA DEL FOSSO DI DRAGONCELLO;VIA DEL FOSSO DI DRAGONCELLO;;;Scontro frontale/laterale SX fra veicoli in marcia;Incrocio;Una carreggiata a doppio senso;Asciutto;Asfaltata;Verticale ed orizzontale;Nuvoloso;Normale;Buona;Sufficiente;0;0;0;4;12.34158;41.76562;-1;2;Autovettura privata;In marcia / fermata / arresto;Passeggero;F;Illeso;0;;Non accertato;Inesploso
2268956;13;31/01/2015 19:10;Strada Urbana;VIA DI MACCHIA PALOCCO;all'intersezione con;VIA DEL FOSSO DI DRAGONCELLO;VIA DEL FOSSO DI DRAGONCELLO;;;Scontro frontale/laterale SX fra veicoli in marcia;Incrocio;Una carreggiata a doppio senso;Asciutto;Asfaltata;Verticale ed orizzontale;Nuvoloso;Normale;Buona;Sufficiente;0;0;0;4;12.34158;41.76562;-1;2;Autovettura privata;In marcia / fermata / arresto;Passeggero;M;Illeso;0;;Non accertato;Inesploso
2268968;4;30/01/2015 08:00;Strada Urbana;VIA MAIELLA;in corrispondenza;;del civico n.;15;;Veicolo in marcia contro ostacolo accidentale;Rettilineo;Una carreggiata a senso unico di marcia;Bagnato (pioggia);Asfaltata;Verticale ed orizzontale;Nuvoloso;Normale;Buona;Ore Diurne;0;0;0;1;12.53422;41.93519;-1;1;Autobus di linea;In marcia / fermata / arresto;Conducente;M;Illeso;0;;Non accertato;
2268977;18;28/01/2015 15:20;Statale entro l'abitato;VIA AURELIA;all'intersezione con;VIA DEI FAGGELLA;VIA DEI FAGGELLA;;;Veicolo in marcia contro ostacolo accidentale;Incrocio;Due carreggiate;Sdrucciolevole (pietrisco);Asfaltata;Verticale ed orizzontale;Sereno;Normale;Buona;Ore Diurne;1;0;0;1;12.4058;41.8883;-1;1;Motociclo a solo;In marcia / fermata / arresto;Conducente;M;Rimandato;0;NON DECEDUTO;Non accertato;
2268977;18;28/01/2015 15:20;Statale entro l'abitato;VIA AURELIA;all'intersezione con;VIA DEI FAGGELLA;VIA DEI FAGGELLA;;;Veicolo in marcia contro ostacolo accidentale;Incrocio;Due carreggiate;Sdrucciolevole (pietrisco);Asfaltata;Verticale ed orizzontale;Sereno;Normale;Buona;Ore Diurne;1;0;0;1;12.4058;41.8883;-1;2;Motociclo a solo;In marcia / fermata / arresto;Conducente;M;Illeso;0;;Non accertato;
2268984;19;31/01/2015 07:45;Strada Urbana;VIA DI TORREVECCHIA;all'intersezione con;VIA CLODOMIRO BONFIGLI;VIA CLODOMIRO BONFIGLI;;;Scontro frontale/laterale DX fra veicoli in marcia;Incrocio;Una carreggiata a doppio senso;Bagnato (umidità in atto);Asfaltata;Verticale ed orizzontale;Nuvoloso;Scarso;Buona;Ore Diurne;0;0;0;2;12.41642;41.92793;-1;1;Autovettura privata;In marcia / fermata / arresto;Conducente;M;Illeso;0;;Non accertato;Inesploso
2268984;19;31/01/2015 07:45;Strada Urbana;VIA DI TORREVECCHIA;all'intersezione con;VIA CLODOMIRO BONFIGLI;VIA CLODOMIRO BONFIGLI;;;Scontro frontale/laterale DX fra veicoli in marcia;Incrocio;Una carreggiata a doppio senso;Bagnato (umidità in atto);Asfaltata;Verticale ed orizzontale;Nuvoloso;Scarso;Buona;Ore Diurne;0;0;0;2;12.41642;41.92793;-1;2;Autovettura privata;In marcia / fermata / arresto;Conducente;M;Illeso;0;;Non accertato;Inesploso
2268987;19;31/01/2015 17:00;Strada Urbana;GALLERIA GIOVANNI XXIII;da specificare;;;;dir. Stadio Olimpico, alt. rampa di uscita Stadio;Scontro laterale fra veicoli in marcia;Galleria illuminata;Una carreggiata a senso unico di marcia;Bagnato (umidità in atto);Asfaltata;Orizzontale;Pioggia in atto;Normale;Buona;Ore Diurne;0;0;0;2;12.44462;41.94111;-1;1;Autovettura privata;In marcia / fermata / arresto;Conducente;M;Illeso;0;;Non accertato;Inesploso
2268987;19;31/01/2015 17:00;Strada Urbana;GALLERIA GIOVANNI XXIII;da specificare;;;;dir. Stadio Olimpico, alt. rampa di uscita Stadio;Scontro laterale fra veicoli in marcia;Galleria illuminata;Una carreggiata a senso unico di marcia;Bagnato (umidità in atto);Asfaltata;Orizzontale;Pioggia in atto;Normale;Buona;Ore Diurne;0;0;0;2;12.44462;41.94111;-1;1;Autovettura privata;In marcia / fermata / arresto;Passeggero;M;Illeso;0;;Non accertato;Inesploso
2268988;4;30/01/2015 08:45;Strada Urbana;VIA GENERALE ROBERTO BENCIVENGA;in corrispondenza;;del civico n.;12;;Tamponamento;Rettilineo;Una carreggiata a senso unico di marcia;Bagnato (pioggia);Asfaltata;Verticale;Nuvoloso;Normale;Buona;Ore Diurne;0;0;0;2;12.529;41.93233;-1;1;Autovettura privata;In marcia / fermata / arresto;Conducente;M;Illeso;0;;Non accertato;Inesploso
2268988;4;30/01/2015 08:45;Strada Urbana;VIA GENERALE ROBERTO BENCIVENGA;in corrispondenza;;del civico n.;12;;Tamponamento;Rettilineo;Una carreggiata a senso unico di marcia;Bagnato (pioggia);Asfaltata;Verticale;Nuvoloso;Normale;Buona;Ore Diurne;0;0;0;2;12.529;41.93233;-1;2;Autovettura privata;In marcia / fermata / arresto;Conducente;M;Illeso;0;;Non accertato;Inesploso
2268992;2;30/01/2015 14:30;Strada Urbana;VIA BENACO;in prossimità;;del civico n.;15;;Veicolo in marcia contro ostacolo accidentale;Rettilineo;Una carreggiata a senso unico di marcia;Asciutto;Asfaltata;Verticale ed orizzontale;Vento forte;Normale;Buona;Ore Diurne;0;0;0;1;12.50718;41.92497;-1;1;Autovettura privata;In marcia / fermata / arresto;Conducente;M;Illeso;0;;;
2268993;19;31/01/2015 01:30;Strada Urbana;VIA VITTORIO MONTIGLIO;da specificare;;;;ALT. PALO illuminazione pubblica ACEA N.13;Fuoriuscita dalla sede stradale;Curva senza visuale libera;Una carreggiata a doppio senso;Bagnato (umidità in atto);Asfaltata;Assente;Nuvoloso;Scarso;Sufficiente;Sufficiente;0;0;0;1;12.42872;41.92407;-1;1;Autovettura privata;In marcia / fermata / arresto;Conducente;M;Illeso;0;;Non accertato;Inesploso
2269000;13;31/01/2015 22:53;Strada Urbana;VIA DI CASTEL FUSANO;all'intersezione con;VIA OSTIENSE;VIA OSTIENSE;;;Scontro laterale fra veicoli in marcia;Intersezione semaforizzata;Una carreggiata a doppio senso;Bagnato (pioggia);Asfaltata;Verticale ed orizzontale;Nuvoloso;Normale;Buona;Ore Diurne;0;0;0;3;12.31134;41.74711;-1;1;Autovettura privata;In marcia / fermata / arresto;Conducente;M;Illeso;0;;Non accertato;Inesploso
2269000;13;31/01/2015 22:53;Strada Urbana;VIA DI CASTEL FUSANO;all'intersezione con;VIA OSTIENSE;VIA OSTIENSE;;;Scontro laterale fra veicoli in marcia;Intersezione semaforizzata;Una carreggiata a doppio senso;Bagnato (pioggia);Asfaltata;Verticale ed orizzontale;Nuvoloso;Normale;Buona;Ore Diurne;0;0;0;3;12.31134;41.74711;-1;1;Autovettura privata;In marcia / fermata / arresto;Passeggero;F;Illeso;0;;Non accertato;Inesploso
2269000;13;31/01/2015 22:53;Strada Urbana;VIA DI CASTEL FUSANO;all'intersezione con;VIA OSTIENSE;VIA OSTIENSE;;;Scontro laterale fra veicoli in marcia;Intersezione semaforizzata;Una carreggiata a doppio senso;Bagnato (pioggia);Asfaltata;Verticale ed orizzontale;Nuvoloso;Normale;Buona;Ore Diurne;0;0;0;3;12.31134;41.74711;-1;2;Autovettura privata;In marcia / fermata / arresto;Conducente;F;Illeso;0;;;
2269008;4;30/01/2015 09:40;Strada Urbana;VIA DELLE VIGNE NUOVE;all'intersezione con;VIA VILLA DI FAONTE;VIA VILLA DI FAONTE;;;Scontro frontale/laterale SX fra veicoli in marcia;Intersezione stradale segnalata;Una carreggiata a doppio senso;Bagnato (umidità in atto);Asfaltata;Verticale ed orizzontale;Nuvoloso;Scarso;Buona;Ore Diurne;0;0;0;3;12.53657;41.95051;-1;1;Autovettura privata;In marcia / fermata / arresto;Conducente;F;Illeso;0;;Non accertato;
2269008;4;30/01/2015 09:40;Strada Urbana;VIA DELLE VIGNE NUOVE;all'intersezione con;VIA VILLA DI FAONTE;VIA VILLA DI FAONTE;;;Scontro frontale/laterale SX fra veicoli in marcia;Intersezione stradale segnalata;Una carreggiata a doppio senso;Bagnato (umidità in atto);Asfaltata;Verticale ed orizzontale;Nuvoloso;Scarso;Buona;Ore Diurne;0;0;0;3;12.53657;41.95051;-1;1;Autovettura privata;In marcia / fermata / arresto;Passeggero;M;Illeso;0;;Non accertato;
2269008;4;30/01/2015 09:40;Strada Urbana;VIA DELLE VIGNE NUOVE;all'intersezione con;VIA VILLA DI FAONTE;VIA VILLA DI FAONTE;;;Scontro frontale/laterale SX fra veicoli in marcia;Intersezione stradale segnalata;Una carreggiata a doppio senso;Bagnato (umidità in atto);Asfaltata;Verticale ed orizzontale;Nuvoloso;Scarso;Buona;Ore Diurne;0;0;0;3;12.53657;41.95051;-1;2;Autovettura privata;In marcia / fermata / arresto;Conducente;F;Illeso;0;;Non accertato;
2269015;4;30/01/2015 11:10;Strada Urbana;VIA DELLA BUFALOTTA;in prossimità;;del civico n.;663;;Veicolo in marcia contro ostacolo accidentale;Rettilineo;Una carreggiata a doppio senso;Bagnato (pioggia);Con buche;Assente;Pioggia in atto;Normale;Buona;Ore Diurne;1;0;0;0;12.54832;41.96353;-1;1;Motociclo a solo;In marcia / fermata / arresto;Conducente;M;Rifiuta cure immediate;0;NON DECEDUTO;;
2269018;17;31/01/2015 10:00;Strada Urbana;VIALE DELLE MILIZIE;da specificare;;;;fronte civ. 84;Scontro laterale fra veicoli in marcia;Rettilineo;Più di due carreggiate;Bagnato (pioggia);Asfaltata;Verticale ed orizzontale;Pioggia in atto;Scarso;Sufficiente;Ore Diurne;1;0;0;1;12.46213;41.91213;-1;1;Motociclo a solo;In marcia / fermata / arresto;Conducente;F;Rimandato;0;NON DECEDUTO;Non accertato;
2269018;17;31/01/2015 10:00;Strada Urbana;VIALE DELLE MILIZIE;da specificare;;;;fronte civ. 84;Scontro laterale fra veicoli in marcia;Rettilineo;Più di due carreggiate;Bagnato (pioggia);Asfaltata;Verticale ed orizzontale;Pioggia in atto;Scarso;Sufficiente;Ore Diurne;1;0;0;1;12.46213;41.91213;-1;2;Autocarro inferiore 35 q.;In marcia / fermata / arresto;Conducente;M;Illeso;0;;Non accertato;Inesploso
2269019;18;30/01/2015 15:30;Strada Urbana;VIA DI CASAL SELCE;da specificare;;;;in corrispondenza di rampa accesso Via Aurelia;Veicolo in marcia contro ostacolo fisso;Rettilineo;Una carreggiata a doppio senso;Asciutto;Asfaltata;Verticale ed orizzontale;Sereno;Normale;Buona;Ore Diurne;1;0;0;0;12.33482;41.88545;-1;1;Autovettura privata;In marcia / fermata / arresto;Conducente;M;Rifiuta cure immediate;0;NON DECEDUTO;Non accertato;Inesploso
2269022;4;30/01/2015 15:30;Statale;VIA SALARIA;in corrispondenza;;della chilometrica;17.65;;Veicolo in marcia contro ostacolo accidentale;Rettilineo;Una carreggiata a doppio senso;Asciutto;Asfaltata;Orizzontale;Sereno;Normale;Buona;Ore Diurne;0;0;0;2;12.51691;41.99645;-1;1;Autovettura privata;In marcia / fermata / arresto;Conducente;M;Illeso;0;;Non accertato;Inesploso
2269022;4;30/01/2015 15:30;Statale;VIA SALARIA;in corrispondenza;;della chilometrica;17.65;;Veicolo in marcia contro ostacolo accidentale;Rettilineo;Una carreggiata a doppio senso;Asciutto;Asfaltata;Orizzontale;Sereno;Normale;Buona;Ore Diurne;0;0;0;2;12.51691;41.99645;-1;1;Autovettura privata;In marcia / fermata / arresto;Passeggero;F;Illeso;0;;Non accertato;Inesploso
2269033;4;30/01/2015 20:48;Strada Urbana;VIA RAPAGNANO;da specificare;;;;altezza via San Leo;Scontro laterale fra veicoli in marcia;Rettilineo;Due carreggiate;Bagnato (pioggia);Asfaltata;Orizzontale;Nuvoloso;Normale;Sufficiente;Sufficiente;0;0;0;5;12.51312;41.98208;-1;1;Autovettura privata;In marcia / fermata / arresto;Conducente;F;Illeso;0;;Non accertato;Inesploso
2269033;4;30/01/2015 20:48;Strada Urbana;VIA RAPAGNANO;da specificare;;;;altezza via San Leo;Scontro laterale fra veicoli in marcia;Rettilineo;Due carreggiate;Bagnato (pioggia);Asfaltata;Orizzontale;Nuvoloso;Normale;Sufficiente;Sufficiente;0;0;0;5;12.51312;41.98208;-1;1;Autovettura privata;In marcia / fermata / arresto;Passeggero;M;Illeso;0;;Non accertato;Inesploso
2269033;4;30/01/2015 20:48;Strada Urbana;VIA RAPAGNANO;da specificare;;;;altezza via San Leo;Scontro laterale fra veicoli in marcia;Rettilineo;Due carreggiate;Bagnato (pioggia);Asfaltata;Orizzontale;Nuvoloso;Normale;Sufficiente;Sufficiente;0;0;0;5;12.51312;41.98208;-1;2;Autovettura privata;In marcia / fermata / arresto;Conducente;M;Illeso;0;;Non accertato;Inesploso